2026-07-11 19:35:08 INFO  o.h.v.i.u.Version - HV000001: Hibernate Validator 9.1.0.Final
2026-07-11 19:35:08 INFO  c.s.A.ActuatorApplication - Starting ActuatorApplication using Java 25.0.3 with PID 17396 (D:\Spring Boot\4. Production Ready Spring Boot Features\4.5. Spring Boot Actuator\Actuator\target\classes started by Dell in D:\Spring Boot\4. Production Ready Spring Boot Features\4.5. Spring Boot Actuator\Actuator)
2026-07-11 19:35:08 INFO  c.s.A.ActuatorApplication - No active profile set, falling back to 1 default profile: "default"
2026-07-11 19:35:08 INFO  o.s.b.d.e.DevToolsPropertyDefaultsPostProcessor - Devtools property defaults active! Set 'spring.devtools.add-properties' to 'false' to disable
2026-07-11 19:35:08 INFO  o.s.b.d.e.DevToolsPropertyDefaultsPostProcessor - For additional web related logging consider setting the 'logging.level.web' property to 'DEBUG'
2026-07-11 19:35:09 INFO  o.s.d.r.c.RepositoryConfigurationDelegate - Bootstrapping Spring Data JPA repositories in DEFAULT mode.
2026-07-11 19:35:09 INFO  o.s.d.r.c.RepositoryConfigurationDelegate - Finished Spring Data repository scanning in 54 ms. Found 1 JPA repository interface.
2026-07-11 19:35:10 INFO  o.s.b.t.TomcatWebServer - Tomcat initialized with port 9000 (http)
2026-07-11 19:35:10 INFO  o.a.c.h.Http11NioProtocol - Initializing ProtocolHandler ["http-nio-9000"]
2026-07-11 19:35:10 INFO  o.a.c.c.StandardService - Starting service [Tomcat]
2026-07-11 19:35:10 INFO  o.a.c.c.StandardEngine - Starting Servlet engine: [Apache Tomcat/11.0.22]
2026-07-11 19:35:10 INFO  o.s.b.w.c.s.WebApplicationContextInitializer - Root WebApplicationContext: initialization completed in 2238 ms
2026-07-11 19:35:10 INFO  o.h.o.jpa - HHH008540: Processing PersistenceUnitInfo [name: default]
2026-07-11 19:35:10 INFO  o.h.o.core - HHH000001: Hibernate ORM core version 7.4.1.Final
2026-07-11 19:35:11 INFO  o.h.e.b.i.EnversServiceImpl - Envers integration enabled? : true
2026-07-11 19:35:11 INFO  o.s.o.j.p.SpringPersistenceUnitInfo - No LoadTimeWeaver setup: ignoring JPA class transformer
2026-07-11 19:35:11 INFO  c.z.h.HikariDataSource - HikariPool-1 - Starting...
2026-07-11 19:35:11 INFO  c.z.h.p.HikariPool - HikariPool-1 - Added connection com.mysql.cj.jdbc.ConnectionImpl@3de0b3db
2026-07-11 19:35:11 INFO  c.z.h.HikariDataSource - HikariPool-1 - Start completed.
2026-07-11 19:35:11 INFO  o.h.o.c.pooling - HHH10001005: Database info:
	Database JDBC URL [jdbc:mysql://localhost:3306/prod_ready_features?createDatabaseIfNotExist=true&useSSL=false]
	Database driver: MySQL Connector/J
	Database dialect: MySQLDialect
	Database version: 8.0.46
	Default catalog/schema: prod_ready_features/undefined
	Autocommit mode: undefined/unknown
	Isolation level: REPEATABLE_READ [default REPEATABLE_READ]
	JDBC fetch size: none
	Pool: DataSourceConnectionProvider
	Minimum pool size: undefined/unknown
	Maximum pool size: undefined/unknown
2026-07-11 19:35:12 INFO  o.h.e.c.i.m.AuditMetadataGenerator - Adding properties for entity: com.spring.Actuator.entities.PostEntity
2026-07-11 19:35:13 INFO  o.h.o.core - HHH000489: No JTA platform available (set 'hibernate.transaction.jta.platform' to enable JTA platform integration)
2026-07-11 19:35:13 INFO  o.s.o.j.LocalContainerEntityManagerFactoryBean - Initialized JPA EntityManagerFactory for persistence unit 'default'
2026-07-11 19:35:13 INFO  o.s.d.j.r.q.QueryEnhancerFactories - Hibernate is in classpath; If applicable, HQL parser will be used.
2026-07-11 19:35:14 WARN  o.s.b.j.a.JpaBaseConfiguration$JpaWebConfiguration - spring.jpa.open-in-view is enabled by default. Therefore, database queries may be performed during view rendering. Explicitly configure spring.jpa.open-in-view to disable this warning
2026-07-11 19:35:14 INFO  o.s.b.a.e.w.EndpointLinksResolver - Exposing 1 endpoint beneath base path '/actuator'
2026-07-11 19:35:14 INFO  o.a.c.h.Http11NioProtocol - Starting ProtocolHandler ["http-nio-9000"]
2026-07-11 19:35:14 INFO  o.s.b.t.TomcatWebServer - Tomcat started on port 9000 (http) with context path '/'
2026-07-11 19:35:14 INFO  c.s.A.ActuatorApplication - Started ActuatorApplication in 7.292 seconds (process running for 8.196)
2026-07-11 19:35:15 INFO  o.a.c.c.C.[.[.[/] - Initializing Spring DispatcherServlet 'dispatcherServlet'
2026-07-11 19:35:15 INFO  o.s.w.s.DispatcherServlet - Initializing Servlet 'dispatcherServlet'
2026-07-11 19:35:15 INFO  o.s.w.s.DispatcherServlet - Completed initialization in 2 ms
2026-07-11 19:36:58 INFO  o.s.b.a.SpringApplicationAdminMXBeanRegistrar$SpringApplicationAdmin - Application shutdown requested.
2026-07-11 19:36:58 INFO  o.s.b.t.GracefulShutdown - Commencing graceful shutdown. Waiting for active requests to complete
2026-07-11 19:36:58 INFO  o.a.c.h.Http11NioProtocol - Pausing ProtocolHandler ["http-nio-9000"]
2026-07-11 19:36:58 INFO  o.s.b.t.GracefulShutdown - Graceful shutdown complete
2026-07-11 19:36:58 INFO  o.a.c.h.Http11NioProtocol - Stopping ProtocolHandler ["http-nio-9000"]
2026-07-11 19:36:58 INFO  o.s.o.j.LocalContainerEntityManagerFactoryBean - Closing JPA EntityManagerFactory for persistence unit 'default'
2026-07-11 19:36:58 INFO  c.z.h.HikariDataSource - HikariPool-1 - Shutdown initiated...
2026-07-11 19:36:58 INFO  c.z.h.HikariDataSource - HikariPool-1 - Shutdown completed.
2026-07-11 19:37:16 INFO  o.h.v.i.u.Version - HV000001: Hibernate Validator 9.1.0.Final
2026-07-11 19:37:16 INFO  c.s.A.ActuatorApplication - Starting ActuatorApplication using Java 25.0.3 with PID 16716 (D:\Spring Boot\4. Production Ready Spring Boot Features\4.5. Spring Boot Actuator\Actuator\target\classes started by Dell in D:\Spring Boot\4. Production Ready Spring Boot Features\4.5. Spring Boot Actuator\Actuator)
2026-07-11 19:37:16 INFO  c.s.A.ActuatorApplication - No active profile set, falling back to 1 default profile: "default"
2026-07-11 19:37:16 INFO  o.s.b.d.e.DevToolsPropertyDefaultsPostProcessor - Devtools property defaults active! Set 'spring.devtools.add-properties' to 'false' to disable
2026-07-11 19:37:16 INFO  o.s.b.d.e.DevToolsPropertyDefaultsPostProcessor - For additional web related logging consider setting the 'logging.level.web' property to 'DEBUG'
2026-07-11 19:37:18 INFO  o.s.d.r.c.RepositoryConfigurationDelegate - Bootstrapping Spring Data JPA repositories in DEFAULT mode.
2026-07-11 19:37:18 INFO  o.s.d.r.c.RepositoryConfigurationDelegate - Finished Spring Data repository scanning in 60 ms. Found 1 JPA repository interface.
2026-07-11 19:37:19 INFO  o.s.b.t.TomcatWebServer - Tomcat initialized with port 8080 (http)
2026-07-11 19:37:19 INFO  o.a.c.h.Http11NioProtocol - Initializing ProtocolHandler ["http-nio-8080"]
2026-07-11 19:37:19 INFO  o.a.c.c.StandardService - Starting service [Tomcat]
2026-07-11 19:37:19 INFO  o.a.c.c.StandardEngine - Starting Servlet engine: [Apache Tomcat/11.0.22]
2026-07-11 19:37:19 INFO  o.s.b.w.c.s.WebApplicationContextInitializer - Root WebApplicationContext: initialization completed in 2256 ms
2026-07-11 19:37:19 INFO  o.h.o.jpa - HHH008540: Processing PersistenceUnitInfo [name: default]
2026-07-11 19:37:19 INFO  o.h.o.core - HHH000001: Hibernate ORM core version 7.4.1.Final
2026-07-11 19:37:19 INFO  o.h.e.b.i.EnversServiceImpl - Envers integration enabled? : true
2026-07-11 19:37:20 INFO  o.s.o.j.p.SpringPersistenceUnitInfo - No LoadTimeWeaver setup: ignoring JPA class transformer
2026-07-11 19:37:20 INFO  c.z.h.HikariDataSource - HikariPool-1 - Starting...
2026-07-11 19:37:20 INFO  c.z.h.p.HikariPool - HikariPool-1 - Added connection com.mysql.cj.jdbc.ConnectionImpl@237270ba
2026-07-11 19:37:20 INFO  c.z.h.HikariDataSource - HikariPool-1 - Start completed.
2026-07-11 19:37:20 INFO  o.h.o.c.pooling - HHH10001005: Database info:
	Database JDBC URL [jdbc:mysql://localhost:3306/prod_ready_features?createDatabaseIfNotExist=true&useSSL=false]
	Database driver: MySQL Connector/J
	Database dialect: MySQLDialect
	Database version: 8.0.46
	Default catalog/schema: prod_ready_features/undefined
	Autocommit mode: undefined/unknown
	Isolation level: REPEATABLE_READ [default REPEATABLE_READ]
	JDBC fetch size: none
	Pool: DataSourceConnectionProvider
	Minimum pool size: undefined/unknown
	Maximum pool size: undefined/unknown
2026-07-11 19:37:20 INFO  o.h.e.c.i.m.AuditMetadataGenerator - Adding properties for entity: com.spring.Actuator.entities.PostEntity
2026-07-11 19:37:21 INFO  o.h.o.core - HHH000489: No JTA platform available (set 'hibernate.transaction.jta.platform' to enable JTA platform integration)
2026-07-11 19:37:22 INFO  o.s.o.j.LocalContainerEntityManagerFactoryBean - Initialized JPA EntityManagerFactory for persistence unit 'default'
2026-07-11 19:37:22 INFO  o.s.d.j.r.q.QueryEnhancerFactories - Hibernate is in classpath; If applicable, HQL parser will be used.
2026-07-11 19:37:22 WARN  o.s.b.j.a.JpaBaseConfiguration$JpaWebConfiguration - spring.jpa.open-in-view is enabled by default. Therefore, database queries may be performed during view rendering. Explicitly configure spring.jpa.open-in-view to disable this warning
2026-07-11 19:37:23 INFO  o.s.b.a.e.w.EndpointLinksResolver - Exposing 1 endpoint beneath base path '/actuator'
2026-07-11 19:37:23 INFO  o.a.c.h.Http11NioProtocol - Starting ProtocolHandler ["http-nio-8080"]
2026-07-11 19:37:23 INFO  o.s.b.t.TomcatWebServer - Tomcat started on port 8080 (http) with context path '/'
2026-07-11 19:37:23 INFO  c.s.A.ActuatorApplication - Started ActuatorApplication in 7.361 seconds (process running for 8.261)
2026-07-11 19:37:23 INFO  o.a.c.c.C.[.[.[/] - Initializing Spring DispatcherServlet 'dispatcherServlet'
2026-07-11 19:37:23 INFO  o.s.w.s.DispatcherServlet - Initializing Servlet 'dispatcherServlet'
2026-07-11 19:37:23 INFO  o.s.w.s.DispatcherServlet - Completed initialization in 3 ms
2026-07-11 19:39:41 WARN  o.s.w.s.m.m.a.ExceptionHandlerExceptionResolver - Resolved [org.springframework.web.HttpRequestMethodNotSupportedException: Request method 'GET' is not supported]
2026-07-11 19:41:33 INFO  o.s.b.a.SpringApplicationAdminMXBeanRegistrar$SpringApplicationAdmin - Application shutdown requested.
2026-07-11 19:41:33 INFO  o.s.b.t.GracefulShutdown - Commencing graceful shutdown. Waiting for active requests to complete
2026-07-11 19:41:33 INFO  o.a.c.h.Http11NioProtocol - Pausing ProtocolHandler ["http-nio-8080"]
2026-07-11 19:41:33 INFO  o.s.b.t.GracefulShutdown - Graceful shutdown complete
2026-07-11 19:41:33 INFO  o.a.c.h.Http11NioProtocol - Stopping ProtocolHandler ["http-nio-8080"]
2026-07-11 19:41:33 INFO  o.s.o.j.LocalContainerEntityManagerFactoryBean - Closing JPA EntityManagerFactory for persistence unit 'default'
2026-07-11 19:41:33 INFO  c.z.h.HikariDataSource - HikariPool-1 - Shutdown initiated...
2026-07-11 19:41:33 INFO  c.z.h.HikariDataSource - HikariPool-1 - Shutdown completed.
2026-07-11 19:48:32 DEBUG o.j.logging - Logging Provider: org.jboss.logging.Slf4jLoggerProvider found via system property
2026-07-11 19:48:32 INFO  o.h.v.i.u.Version - HV000001: Hibernate Validator 9.1.0.Final
2026-07-11 19:48:32 DEBUG o.h.v.i.x.c.ValidationXmlParser - Trying to load META-INF/validation.xml for XML based Validator configuration.
2026-07-11 19:48:32 DEBUG o.h.v.i.x.c.ResourceLoaderHelper - Trying to load META-INF/validation.xml via TCCL
2026-07-11 19:48:32 DEBUG o.h.v.i.x.c.ResourceLoaderHelper - Trying to load META-INF/validation.xml via Hibernate Validator's class loader
2026-07-11 19:48:32 DEBUG o.h.v.i.x.c.ValidationXmlParser - No META-INF/validation.xml found. Using annotation based configuration only.
2026-07-11 19:48:33 DEBUG o.h.v.i.e.r.TraversableResolvers - Found jakarta.persistence.Persistence on classpath containing 'getPersistenceUtil'. Assuming Jakarta Persistence environment. Trying to instantiate Jakarta Persistence aware TraversableResolver
2026-07-11 19:48:33 DEBUG o.h.v.i.e.r.TraversableResolvers - Instantiated Jakarta Persistence aware TraversableResolver of type org.hibernate.validator.internal.engine.resolver.JPATraversableResolver.
2026-07-11 19:48:33 INFO  c.s.A.ActuatorApplicationTests - Starting ActuatorApplicationTests using Java 25.0.3 with PID 15908 (started by Dell in D:\Spring Boot\4. Production Ready Spring Boot Features\4.5. Spring Boot Actuator\Actuator)
2026-07-11 19:48:33 DEBUG c.s.A.ActuatorApplicationTests - Running with Spring Boot v4.1.0, Spring v7.0.8
2026-07-11 19:48:33 INFO  c.s.A.ActuatorApplicationTests - No active profile set, falling back to 1 default profile: "default"
2026-07-11 19:48:33 DEBUG o.s.b.SpringApplication - Loading source class com.spring.Actuator.ActuatorApplication
2026-07-11 19:48:33 DEBUG o.h.v.m.ResourceBundleMessageInterpolator - Loaded expression factory via original TCCL
2026-07-11 19:48:33 DEBUG o.s.b.d.s.DevToolsSettings - Included patterns for restart : []
2026-07-11 19:48:33 DEBUG o.s.b.d.s.DevToolsSettings - Excluded patterns for restart : [/spring-boot-starter-[\w-]+/, /spring-boot/(bin|build|out)/, /spring-boot-starter/(bin|build|out)/, /spring-boot-devtools/(bin|build|out)/, /spring-boot-actuator/(bin|build|out)/, /spring-boot-autoconfigure/(bin|build|out)/]
2026-07-11 19:48:33 DEBUG o.s.w.c.s.GenericWebApplicationContext - Refreshing org.springframework.web.context.support.GenericWebApplicationContext@65b66b08
2026-07-11 19:48:33 DEBUG o.s.b.f.s.DefaultListableBeanFactory - Creating shared instance of singleton bean 'org.springframework.context.annotation.internalConfigurationAnnotationProcessor'
2026-07-11 19:48:33 DEBUG o.s.b.f.s.DefaultListableBeanFactory - Creating shared instance of singleton bean 'org.springframework.boot.autoconfigure.internalCachingMetadataReaderFactory'
2026-07-11 19:48:33 DEBUG o.h.v.i.e.ValidatorFactoryConfigurationHelper - HV000252: Using org.hibernate.validator.internal.engine.DefaultPropertyNodeNameProvider as property node name provider.
2026-07-11 19:48:33 DEBUG o.h.v.i.e.ValidatorFactoryConfigurationHelper - HV000234: Using org.hibernate.validator.messageinterpolation.ResourceBundleMessageInterpolator as ValidatorFactory-scoped message interpolator.
2026-07-11 19:48:33 DEBUG o.h.v.i.e.ValidatorFactoryConfigurationHelper - HV000234: Using org.hibernate.validator.internal.engine.resolver.JPATraversableResolver as ValidatorFactory-scoped traversable resolver.
2026-07-11 19:48:33 DEBUG o.h.v.i.e.ValidatorFactoryConfigurationHelper - HV000234: Using org.hibernate.validator.internal.util.ExecutableParameterNameProvider as ValidatorFactory-scoped parameter name provider.
2026-07-11 19:48:33 DEBUG o.h.v.i.e.ValidatorFactoryConfigurationHelper - HV000234: Using org.hibernate.validator.internal.engine.DefaultClockProvider as ValidatorFactory-scoped clock provider.
2026-07-11 19:48:33 DEBUG o.h.v.i.e.ValidatorFactoryConfigurationHelper - HV000234: Using org.hibernate.validator.internal.engine.scripting.DefaultScriptEvaluatorFactory as ValidatorFactory-scoped script evaluator factory.
2026-07-11 19:48:33 DEBUG o.s.c.a.ClassPathBeanDefinitionScanner - Identified candidate component class: file [D:\Spring Boot\4. Production Ready Spring Boot Features\4.5. Spring Boot Actuator\Actuator\target\classes\com\spring\Actuator\advices\GlobalExceptionHandler.class]
2026-07-11 19:48:33 DEBUG o.s.c.a.ClassPathBeanDefinitionScanner - Identified candidate component class: file [D:\Spring Boot\4. Production Ready Spring Boot Features\4.5. Spring Boot Actuator\Actuator\target\classes\com\spring\Actuator\advices\GlobalResponseHandler.class]
2026-07-11 19:48:33 DEBUG o.s.c.a.ClassPathBeanDefinitionScanner - Identified candidate component class: file [D:\Spring Boot\4. Production Ready Spring Boot Features\4.5. Spring Boot Actuator\Actuator\target\classes\com\spring\Actuator\clients\Impl\EmployeeRestClientImpl.class]
2026-07-11 19:48:33 DEBUG o.s.c.a.ClassPathBeanDefinitionScanner - Identified candidate component class: file [D:\Spring Boot\4. Production Ready Spring Boot Features\4.5. Spring Boot Actuator\Actuator\target\classes\com\spring\Actuator\configs\AppConfig.class]
2026-07-11 19:48:33 DEBUG o.s.c.a.ClassPathBeanDefinitionScanner - Identified candidate component class: file [D:\Spring Boot\4. Production Ready Spring Boot Features\4.5. Spring Boot Actuator\Actuator\target\classes\com\spring\Actuator\configs\RestClientConfig.class]
2026-07-11 19:48:33 DEBUG o.s.c.a.ClassPathBeanDefinitionScanner - Identified candidate component class: file [D:\Spring Boot\4. Production Ready Spring Boot Features\4.5. Spring Boot Actuator\Actuator\target\classes\com\spring\Actuator\controllers\PostController.class]
2026-07-11 19:48:33 DEBUG o.s.c.a.ClassPathBeanDefinitionScanner - Identified candidate component class: file [D:\Spring Boot\4. Production Ready Spring Boot Features\4.5. Spring Boot Actuator\Actuator\target\classes\com\spring\Actuator\services\Impl\PostServiceImpl.class]
2026-07-11 19:48:34 INFO  o.s.d.r.c.RepositoryConfigurationDelegate - Bootstrapping Spring Data JPA repositories in DEFAULT mode.
2026-07-11 19:48:34 DEBUG o.s.b.f.s.DefaultListableBeanFactory - Creating shared instance of singleton bean 'org.springframework.boot.autoconfigure.AutoConfigurationPackages'
2026-07-11 19:48:34 DEBUG o.s.b.a.AutoConfigurationPackages - @EnableAutoConfiguration was declared on a class in the package 'com.spring.Actuator'. Automatic @Repository and @Entity scanning is enabled.
2026-07-11 19:48:34 DEBUG o.s.d.r.c.RepositoryConfigurationDelegate - Scanning for JPA repositories in packages com.spring.Actuator.
2026-07-11 19:48:34 DEBUG o.s.d.r.c.RepositoryComponentProvider - Identified candidate component class: file [D:\Spring Boot\4. Production Ready Spring Boot Features\4.5. Spring Boot Actuator\Actuator\target\classes\com\spring\Actuator\repositories\PostRepository.class]
2026-07-11 19:48:34 DEBUG o.s.c.a.ClassPathScanningCandidateComponentProvider - Identified candidate component class: file [D:\Spring Boot\4. Production Ready Spring Boot Features\4.5. Spring Boot Actuator\Actuator\target\classes\com\spring\Actuator\auth\AuditorAwareImpl.class]
2026-07-11 19:48:34 DEBUG o.s.c.a.ClassPathScanningCandidateComponentProvider - Identified candidate component class: file [D:\Spring Boot\4. Production Ready Spring Boot Features\4.5. Spring Boot Actuator\Actuator\target\classes\com\spring\Actuator\clients\Impl\EmployeeRestClientImpl.class]
2026-07-11 19:48:34 DEBUG o.s.c.a.ClassPathScanningCandidateComponentProvider - Identified candidate component class: file [D:\Spring Boot\4. Production Ready Spring Boot Features\4.5. Spring Boot Actuator\Actuator\target\classes\com\spring\Actuator\services\Impl\PostServiceImpl.class]
2026-07-11 19:48:34 INFO  o.s.d.r.c.RepositoryConfigurationDelegate - Finished Spring Data repository scanning in 61 ms. Found 1 JPA repository interface.
2026-07-11 19:48:35 DEBUG o.s.b.f.s.DefaultListableBeanFactory - Creating shared instance of singleton bean 'propertySourcesPlaceholderConfigurer'
2026-07-11 19:48:35 DEBUG o.s.b.f.s.DefaultListableBeanFactory - Creating shared instance of singleton bean 'org.springframework.boot.sql.init.dependency.DatabaseInitializationDependencyConfigurer$DependsOnDatabaseInitializationPostProcessor'
2026-07-11 19:48:35 DEBUG o.s.b.f.s.DefaultListableBeanFactory - Creating shared instance of singleton bean 'org.springframework.context.event.internalEventListenerProcessor'
2026-07-11 19:48:35 DEBUG o.s.b.f.s.DefaultListableBeanFactory - Creating shared instance of singleton bean 'org.springframework.data.jpa.domain.support.AuditingBeanFactoryPostProcessor'
2026-07-11 19:48:35 DEBUG o.s.b.f.s.DefaultListableBeanFactory - Creating shared instance of singleton bean 'bootstrapExecutorAliasPostProcessor'
2026-07-11 19:48:35 DEBUG o.s.b.f.s.DefaultListableBeanFactory - Creating shared instance of singleton bean 'preserveErrorControllerTargetClassPostProcessor'
2026-07-11 19:48:35 DEBUG o.s.b.f.s.DefaultListableBeanFactory - Creating shared instance of singleton bean 'org.springframework.context.event.internalEventListenerFactory'
2026-07-11 19:48:35 DEBUG o.s.b.f.s.DefaultListableBeanFactory - Creating shared instance of singleton bean 'org.springframework.transaction.config.internalTransactionalEventListenerFactory'
2026-07-11 19:48:35 DEBUG o.s.b.f.s.DefaultListableBeanFactory - Creating shared instance of singleton bean 'org.springframework.context.annotation.internalAutowiredAnnotationProcessor'
2026-07-11 19:48:35 DEBUG o.s.b.f.s.DefaultListableBeanFactory - Creating shared instance of singleton bean 'org.springframework.context.annotation.internalCommonAnnotationProcessor'
2026-07-11 19:48:35 DEBUG o.s.b.f.s.DefaultListableBeanFactory - Creating shared instance of singleton bean 'org.springframework.context.annotation.internalPersistenceAnnotationProcessor'
2026-07-11 19:48:35 DEBUG o.s.b.f.s.DefaultListableBeanFactory - Creating shared instance of singleton bean 'org.springframework.boot.context.properties.ConfigurationPropertiesBindingPostProcessor'
2026-07-11 19:48:35 DEBUG o.s.b.f.s.DefaultListableBeanFactory - Creating shared instance of singleton bean 'org.springframework.boot.context.internalConfigurationPropertiesBinder'
2026-07-11 19:48:35 DEBUG o.s.b.f.s.DefaultListableBeanFactory - Creating shared instance of singleton bean 'jdbcConnectionDetailsHikariBeanPostProcessor'
2026-07-11 19:48:35 DEBUG o.s.b.f.s.DefaultListableBeanFactory - Creating shared instance of singleton bean 'methodValidationPostProcessor'
2026-07-11 19:48:35 DEBUG o.s.b.f.s.DefaultListableBeanFactory - Autowiring by type from bean name 'methodValidationPostProcessor' via factory method to bean named 'environment'
2026-07-11 19:48:35 DEBUG o.s.b.f.s.DefaultListableBeanFactory - Creating shared instance of singleton bean 'org.springframework.boot.context.properties.EnableConfigurationPropertiesRegistrar.methodValidationExcludeFilter'
2026-07-11 19:48:35 DEBUG o.s.b.f.s.DefaultListableBeanFactory - Creating shared instance of singleton bean 'org.springframework.aop.framework.autoproxy.defaultProxyConfig'
2026-07-11 19:48:35 DEBUG o.s.b.f.s.DefaultListableBeanFactory - Creating shared instance of singleton bean 'org.springframework.aop.config.internalAutoProxyCreator'
2026-07-11 19:48:35 DEBUG o.s.b.f.s.DefaultListableBeanFactory - Creating shared instance of singleton bean 'persistenceExceptionTranslationPostProcessor'
2026-07-11 19:48:35 DEBUG o.s.b.f.s.DefaultListableBeanFactory - Autowiring by type from bean name 'persistenceExceptionTranslationPostProcessor' via factory method to bean named 'environment'
2026-07-11 19:48:35 DEBUG o.s.b.f.s.DefaultListableBeanFactory - Creating shared instance of singleton bean 'meterRegistryPostProcessor'
2026-07-11 19:48:35 DEBUG o.s.b.f.s.DefaultListableBeanFactory - Creating shared instance of singleton bean 'org.springframework.transaction.config.internalTransactionAdvisor'
2026-07-11 19:48:35 DEBUG o.s.b.f.s.DefaultListableBeanFactory - Creating shared instance of singleton bean 'org.springframework.transaction.annotation.ProxyTransactionManagementConfiguration'
2026-07-11 19:48:35 DEBUG o.s.a.a.a.ReflectiveAspectJAdvisorFactory - Found AspectJ method: public void org.springframework.beans.factory.aspectj.AbstractDependencyInjectionAspect.ajc$before$org_springframework_beans_factory_aspectj_AbstractDependencyInjectionAspect$1$e854fa65(java.lang.Object)
2026-07-11 19:48:35 DEBUG o.s.a.a.a.ReflectiveAspectJAdvisorFactory - Found AspectJ method: public void org.springframework.beans.factory.aspectj.AbstractDependencyInjectionAspect.ajc$afterReturning$org_springframework_beans_factory_aspectj_AbstractDependencyInjectionAspect$2$1ea6722c(java.lang.Object)
2026-07-11 19:48:35 DEBUG o.s.a.a.a.ReflectiveAspectJAdvisorFactory - Found AspectJ method: public void org.springframework.beans.factory.aspectj.AbstractDependencyInjectionAspect.ajc$afterReturning$org_springframework_beans_factory_aspectj_AbstractDependencyInjectionAspect$3$6aa27052(java.lang.Object)
2026-07-11 19:48:35 DEBUG o.s.a.a.AspectJExpressionPointcut - Pointcut parser rejected expression [(beanConstruction(bean) && (preConstructionCondition() && inConfigurableBean()))]: java.lang.IllegalArgumentException: Pointcut is not well-formed: expecting 'in annotation style, if(...) pointcuts cannot contain code. Use if() and put the code in the annotated method' at character position 13
(@this(c) && if(void java.lang.Object.if_()))
             ^^

2026-07-11 19:48:35 DEBUG o.s.a.a.AspectJExpressionPointcut - Pointcut parser rejected expression [(beanConstruction(bean) && (postConstructionCondition() && inConfigurableBean()))]: java.lang.IllegalArgumentException: Pointcut is not well-formed: expecting 'in annotation style, if(...) pointcuts cannot contain code. Use if() and put the code in the annotated method' at character position 13
(@this(c) && if(void java.lang.Object.if_()))
             ^^

2026-07-11 19:48:35 DEBUG o.s.a.a.AspectJExpressionPointcut - Pointcut parser rejected expression [(beanDeserialization(bean) && inConfigurableBean())]: java.lang.IllegalArgumentException: Pointcut is not well-formed: expecting 'in annotation style, if(...) pointcuts cannot contain code. Use if() and put the code in the annotated method' at character position 13
(@this(c) && if(void java.lang.Object.if_()))
             ^^

2026-07-11 19:48:35 DEBUG o.s.b.f.s.DefaultListableBeanFactory - Creating shared instance of singleton bean 'transactionAttributeSource'
2026-07-11 19:48:35 DEBUG o.s.b.f.s.DefaultListableBeanFactory - Creating shared instance of singleton bean 'transactionInterceptor'
2026-07-11 19:48:35 DEBUG o.s.b.f.s.DefaultListableBeanFactory - Autowiring by type from bean name 'transactionInterceptor' via factory method to bean named 'transactionAttributeSource'
2026-07-11 19:48:35 DEBUG o.s.b.f.s.DefaultListableBeanFactory - Autowiring by type from bean name 'org.springframework.transaction.config.internalTransactionAdvisor' via factory method to bean named 'transactionAttributeSource'
2026-07-11 19:48:35 DEBUG o.s.b.f.s.DefaultListableBeanFactory - Autowiring by type from bean name 'org.springframework.transaction.config.internalTransactionAdvisor' via factory method to bean named 'transactionInterceptor'
2026-07-11 19:48:35 DEBUG o.s.b.f.s.DefaultListableBeanFactory - Autowiring by type from bean name 'meterRegistryPostProcessor' via factory method to bean named 'org.springframework.web.context.support.GenericWebApplicationContext@65b66b08'
2026-07-11 19:48:35 DEBUG o.s.b.f.s.DefaultListableBeanFactory - Creating shared instance of singleton bean 'metricsRepositoryMethodInvocationListenerBeanPostProcessor'
2026-07-11 19:48:35 DEBUG o.s.b.f.s.DefaultListableBeanFactory - Creating shared instance of singleton bean 'projectingArgumentResolverBeanPostProcessor'
2026-07-11 19:48:35 DEBUG o.s.b.f.s.DefaultListableBeanFactory - Creating shared instance of singleton bean 'healthEndpointGroupsBeanPostProcessor'
2026-07-11 19:48:35 DEBUG o.s.b.f.s.DefaultListableBeanFactory - Creating shared instance of singleton bean 'observationRegistryPostProcessor'
2026-07-11 19:48:35 DEBUG o.s.b.f.s.DefaultListableBeanFactory - Creating shared instance of singleton bean 'webServerFactoryCustomizerBeanPostProcessor'
2026-07-11 19:48:35 DEBUG o.s.b.f.s.DefaultListableBeanFactory - Creating shared instance of singleton bean 'errorPageRegistrarBeanPostProcessor'
2026-07-11 19:48:35 DEBUG o.s.b.f.s.DefaultListableBeanFactory - Creating shared instance of singleton bean 'applicationTaskExecutor'
2026-07-11 19:48:35 DEBUG o.s.b.f.s.DefaultListableBeanFactory - Creating shared instance of singleton bean 'org.springframework.boot.autoconfigure.task.TaskExecutorConfigurations$TaskExecutorConfiguration'
2026-07-11 19:48:35 DEBUG o.s.b.f.s.DefaultListableBeanFactory - Creating shared instance of singleton bean 'threadPoolTaskExecutorBuilder'
2026-07-11 19:48:35 DEBUG o.s.b.f.s.DefaultListableBeanFactory - Creating shared instance of singleton bean 'org.springframework.boot.autoconfigure.task.TaskExecutorConfigurations$ThreadPoolTaskExecutorBuilderConfiguration'
2026-07-11 19:48:35 DEBUG o.s.b.f.s.DefaultListableBeanFactory - Creating shared instance of singleton bean 'spring.task.execution-org.springframework.boot.autoconfigure.task.TaskExecutionProperties'
2026-07-11 19:48:35 DEBUG o.s.b.f.s.DefaultListableBeanFactory - Creating shared instance of singleton bean 'org.springframework.boot.context.properties.BoundConfigurationProperties'
2026-07-11 19:48:35 DEBUG o.s.b.f.s.DefaultListableBeanFactory - Autowiring by type from bean name 'threadPoolTaskExecutorBuilder' via factory method to bean named 'spring.task.execution-org.springframework.boot.autoconfigure.task.TaskExecutionProperties'
2026-07-11 19:48:35 DEBUG o.s.b.f.s.DefaultListableBeanFactory - Autowiring by type from bean name 'applicationTaskExecutor' via factory method to bean named 'threadPoolTaskExecutorBuilder'
2026-07-11 19:48:35 DEBUG o.s.s.c.ThreadPoolTaskExecutor - Initializing ExecutorService 'applicationTaskExecutor'
2026-07-11 19:48:35 DEBUG o.s.b.f.s.DefaultListableBeanFactory - Creating shared instance of singleton bean 'org.springframework.test.context.support.internalDynamicPropertyRegistrarBeanInitializer'
2026-07-11 19:48:35 DEBUG o.s.b.f.s.DefaultListableBeanFactory - Creating shared instance of singleton bean 'dataSourceScriptDatabaseInitializer'
2026-07-11 19:48:35 DEBUG o.s.b.f.s.DefaultListableBeanFactory - Creating shared instance of singleton bean 'org.springframework.boot.jdbc.autoconfigure.DataSourceInitializationAutoConfiguration'
2026-07-11 19:48:35 DEBUG o.s.b.f.s.DefaultListableBeanFactory - Creating shared instance of singleton bean 'dataSource'
2026-07-11 19:48:35 DEBUG o.s.b.f.s.DefaultListableBeanFactory - Creating shared instance of singleton bean 'org.springframework.boot.jdbc.autoconfigure.DataSourceConfiguration$Hikari'
2026-07-11 19:48:35 DEBUG o.s.b.f.s.DefaultListableBeanFactory - Creating shared instance of singleton bean 'spring.datasource-org.springframework.boot.jdbc.autoconfigure.DataSourceProperties'
2026-07-11 19:48:35 DEBUG o.s.b.f.s.DefaultListableBeanFactory - Creating shared instance of singleton bean 'jdbcConnectionDetails'
2026-07-11 19:48:35 DEBUG o.s.b.f.s.DefaultListableBeanFactory - Creating shared instance of singleton bean 'org.springframework.boot.jdbc.autoconfigure.DataSourceAutoConfiguration$PooledDataSourceConfiguration'
2026-07-11 19:48:35 DEBUG o.s.b.f.s.DefaultListableBeanFactory - Autowiring by type from bean name 'jdbcConnectionDetails' via factory method to bean named 'spring.datasource-org.springframework.boot.jdbc.autoconfigure.DataSourceProperties'
2026-07-11 19:48:35 DEBUG o.s.b.f.s.DefaultListableBeanFactory - Autowiring by type from bean name 'dataSource' via factory method to bean named 'spring.datasource-org.springframework.boot.jdbc.autoconfigure.DataSourceProperties'
2026-07-11 19:48:35 DEBUG o.s.b.f.s.DefaultListableBeanFactory - Autowiring by type from bean name 'dataSource' via factory method to bean named 'jdbcConnectionDetails'
2026-07-11 19:48:35 DEBUG o.s.b.f.s.DefaultListableBeanFactory - Autowiring by type from bean name 'dataSource' via factory method to bean named 'environment'
2026-07-11 19:48:35 DEBUG c.z.h.u.UtilityElf - Class com.mysql.cj.jdbc.Driver found in Thread context class loader jdk.internal.loader.ClassLoaders$AppClassLoader@105be200
2026-07-11 19:48:35 DEBUG o.s.b.f.s.DefaultListableBeanFactory - Creating shared instance of singleton bean 'spring.sql.init-org.springframework.boot.sql.autoconfigure.init.SqlInitializationProperties'
2026-07-11 19:48:35 DEBUG o.s.b.f.s.DefaultListableBeanFactory - Autowiring by type from bean name 'dataSourceScriptDatabaseInitializer' via factory method to bean named 'dataSource'
2026-07-11 19:48:35 DEBUG o.s.b.f.s.DefaultListableBeanFactory - Autowiring by type from bean name 'dataSourceScriptDatabaseInitializer' via factory method to bean named 'spring.sql.init-org.springframework.boot.sql.autoconfigure.init.SqlInitializationProperties'
2026-07-11 19:48:35 DEBUG o.s.b.f.s.DefaultListableBeanFactory - Creating shared instance of singleton bean 'org.springframework.context.config.internalBeanConfigurerAspect'
2026-07-11 19:48:35 DEBUG o.s.b.f.s.DefaultListableBeanFactory - Creating shared instance of singleton bean 'entityManagerFactory'
2026-07-11 19:48:35 DEBUG o.s.b.f.s.DefaultListableBeanFactory - Creating shared instance of singleton bean 'org.springframework.boot.hibernate.autoconfigure.HibernateJpaConfiguration'
2026-07-11 19:48:35 DEBUG o.s.b.f.s.DefaultListableBeanFactory - Creating shared instance of singleton bean 'spring.jpa-org.springframework.boot.jpa.autoconfigure.JpaProperties'
2026-07-11 19:48:35 DEBUG o.s.b.f.s.DefaultListableBeanFactory - Creating shared instance of singleton bean 'spring.jpa.hibernate-org.springframework.boot.hibernate.autoconfigure.HibernateProperties'
2026-07-11 19:48:35 DEBUG o.s.b.f.s.DefaultListableBeanFactory - Autowiring by type from bean name 'org.springframework.boot.hibernate.autoconfigure.HibernateJpaConfiguration' via constructor to bean named 'dataSource'
2026-07-11 19:48:35 DEBUG o.s.b.f.s.DefaultListableBeanFactory - Autowiring by type from bean name 'org.springframework.boot.hibernate.autoconfigure.HibernateJpaConfiguration' via constructor to bean named 'spring.jpa-org.springframework.boot.jpa.autoconfigure.JpaProperties'
2026-07-11 19:48:35 DEBUG o.s.b.f.s.DefaultListableBeanFactory - Autowiring by type from bean name 'org.springframework.boot.hibernate.autoconfigure.HibernateJpaConfiguration' via constructor to bean named 'spring.jpa.hibernate-org.springframework.boot.hibernate.autoconfigure.HibernateProperties'
2026-07-11 19:48:35 DEBUG o.s.b.f.s.DefaultListableBeanFactory - Creating shared instance of singleton bean 'hikariPoolDataSourceMetadataProvider'
2026-07-11 19:48:35 DEBUG o.s.b.f.s.DefaultListableBeanFactory - Creating shared instance of singleton bean 'org.springframework.boot.jdbc.autoconfigure.DataSourcePoolMetadataProvidersConfiguration$HikariPoolDataSourceMetadataProviderConfiguration'
2026-07-11 19:48:35 DEBUG o.s.b.f.s.DefaultListableBeanFactory - Creating shared instance of singleton bean 'entityManagerFactoryBuilder'
2026-07-11 19:48:35 DEBUG o.s.b.f.s.DefaultListableBeanFactory - Creating shared instance of singleton bean 'jpaVendorAdapter'
2026-07-11 19:48:35 DEBUG o.s.b.f.s.DefaultListableBeanFactory - Autowiring by type from bean name 'entityManagerFactoryBuilder' via factory method to bean named 'jpaVendorAdapter'
2026-07-11 19:48:35 DEBUG o.s.b.f.s.DefaultListableBeanFactory - Autowiring by type from bean name 'entityManagerFactoryBuilder' via factory method to bean named 'applicationTaskExecutor'
2026-07-11 19:48:35 DEBUG o.s.b.f.s.DefaultListableBeanFactory - Creating shared instance of singleton bean 'persistenceManagedTypes'
2026-07-11 19:48:35 DEBUG o.s.b.f.s.DefaultListableBeanFactory - Autowiring by type from bean name 'persistenceManagedTypes' via factory method to bean named 'org.springframework.beans.factory.support.DefaultListableBeanFactory@278667fd'
2026-07-11 19:48:35 DEBUG o.s.b.f.s.DefaultListableBeanFactory - Autowiring by type from bean name 'persistenceManagedTypes' via factory method to bean named 'org.springframework.web.context.support.GenericWebApplicationContext@65b66b08'
2026-07-11 19:48:35 DEBUG o.s.b.f.s.DefaultListableBeanFactory - Autowiring by type from bean name 'entityManagerFactory' via factory method to bean named 'entityManagerFactoryBuilder'
2026-07-11 19:48:35 DEBUG o.s.b.f.s.DefaultListableBeanFactory - Autowiring by type from bean name 'entityManagerFactory' via factory method to bean named 'persistenceManagedTypes'
2026-07-11 19:48:35 DEBUG o.s.o.j.LocalContainerEntityManagerFactoryBean - Building JPA container EntityManagerFactory for persistence unit 'default'
2026-07-11 19:48:35 DEBUG o.h.o.jpa - HHH008541: PersistenceUnitInfo [
	name: default
	persistence provider classname: null
	classloader: jdk.internal.loader.ClassLoaders$AppClassLoader@105be200
	excludeUnlistedClasses: true
	JTA datasource: null
	Non JTA datasource: HikariDataSource (null)
	Transaction type: RESOURCE_LOCAL
	PU root URL: file:/D:/Spring%20Boot/4.%20Production%20Ready%20Spring%20Boot%20Features/4.5.%20Spring%20Boot%20Actuator/Actuator/target/test-classes/
	Shared Cache Mode: UNSPECIFIED
	Validation Mode: AUTO
	Jar files URLs []
	Managed classes names [
		com.spring.Actuator.entities.AuditableEntity
		com.spring.Actuator.entities.PostEntity]
	Mapping files names []
	Properties []
2026-07-11 19:48:35 DEBUG o.h.o.service - HHH010455: Adding integrator: org.hibernate.boot.beanvalidation.BeanValidationIntegrator
2026-07-11 19:48:35 DEBUG o.h.o.service - HHH010455: Adding integrator: org.hibernate.cache.internal.CollectionCacheInvalidator
2026-07-11 19:48:35 DEBUG o.h.o.service - HHH010455: Adding integrator: org.hibernate.envers.boot.internal.EnversIntegrator
2026-07-11 19:48:35 INFO  o.h.o.core - HHH000001: Hibernate ORM core version 7.4.1.Final
2026-07-11 19:48:35 DEBUG o.h.o.core - HHH000206: 'hibernate.properties' not found
2026-07-11 19:48:35 DEBUG o.s.o.j.h.SpringBeanContainer - Falling back to Hibernate's default producer after bean creation failure for interface org.hibernate.engine.jdbc.connections.spi.MultiTenantConnectionProvider: org.springframework.beans.factory.BeanCreationException: Error creating bean with name 'org.hibernate.engine.jdbc.connections.spi.MultiTenantConnectionProvider': Failed to instantiate [org.hibernate.engine.jdbc.connections.spi.MultiTenantConnectionProvider]: Specified class is an interface
2026-07-11 19:48:35 DEBUG o.h.o.cache - HHH90001031: Cannot default RegionFactory since no RegionFactory strategies were registered
2026-07-11 19:48:35 DEBUG o.h.o.cache - HHH90001029: Second-level cache disabled
2026-07-11 19:48:36 INFO  o.h.e.b.i.EnversServiceImpl - Envers integration enabled? : true
2026-07-11 19:48:36 INFO  o.s.o.j.p.SpringPersistenceUnitInfo - No LoadTimeWeaver setup: ignoring JPA class transformer
2026-07-11 19:48:36 DEBUG c.z.h.HikariConfig - HikariPool-1 - configuration:
2026-07-11 19:48:36 DEBUG c.z.h.HikariConfig - allowPoolSuspension.............false
2026-07-11 19:48:36 DEBUG c.z.h.HikariConfig - autoCommit......................true
2026-07-11 19:48:36 DEBUG c.z.h.HikariConfig - catalog.........................none
2026-07-11 19:48:36 DEBUG c.z.h.HikariConfig - connectionInitSql...............none
2026-07-11 19:48:36 DEBUG c.z.h.HikariConfig - connectionTestQuery.............none
2026-07-11 19:48:36 DEBUG c.z.h.HikariConfig - connectionTimeout...............30000
2026-07-11 19:48:36 DEBUG c.z.h.HikariConfig - credentials.....................com.zaxxer.hikari.util.Credentials@36fe83d
2026-07-11 19:48:36 DEBUG c.z.h.HikariConfig - credentialsProvider.............none
2026-07-11 19:48:36 DEBUG c.z.h.HikariConfig - credentialsProviderClassName....none
2026-07-11 19:48:36 DEBUG c.z.h.HikariConfig - dataSource......................none
2026-07-11 19:48:36 DEBUG c.z.h.HikariConfig - dataSourceClassName.............none
2026-07-11 19:48:36 DEBUG c.z.h.HikariConfig - dataSourceJNDI..................none
2026-07-11 19:48:36 DEBUG c.z.h.HikariConfig - dataSourceProperties............{password=<masked>}
2026-07-11 19:48:36 DEBUG c.z.h.HikariConfig - driverClassName................."com.mysql.cj.jdbc.Driver"
2026-07-11 19:48:36 DEBUG c.z.h.HikariConfig - exceptionOverride...............none
2026-07-11 19:48:36 DEBUG c.z.h.HikariConfig - exceptionOverrideClassName......none
2026-07-11 19:48:36 DEBUG c.z.h.HikariConfig - healthCheckProperties...........{}
2026-07-11 19:48:36 DEBUG c.z.h.HikariConfig - healthCheckRegistry.............none
2026-07-11 19:48:36 DEBUG c.z.h.HikariConfig - idleTimeout.....................600000
2026-07-11 19:48:36 DEBUG c.z.h.HikariConfig - initializationFailTimeout.......1
2026-07-11 19:48:36 DEBUG c.z.h.HikariConfig - isolateInternalQueries..........false
2026-07-11 19:48:36 DEBUG c.z.h.HikariConfig - jdbcUrl.........................jdbc:mysql://localhost:3306/prod_ready_features?createDatabaseIfNotExist=true&useSSL=false
2026-07-11 19:48:36 DEBUG c.z.h.HikariConfig - keepaliveTime...................120000
2026-07-11 19:48:36 DEBUG c.z.h.HikariConfig - leakDetectionThreshold..........0
2026-07-11 19:48:36 DEBUG c.z.h.HikariConfig - maxLifetime.....................1800000
2026-07-11 19:48:36 DEBUG c.z.h.HikariConfig - maximumPoolSize.................10
2026-07-11 19:48:36 DEBUG c.z.h.HikariConfig - metricRegistry..................none
2026-07-11 19:48:36 DEBUG c.z.h.HikariConfig - metricsTrackerFactory...........none
2026-07-11 19:48:36 DEBUG c.z.h.HikariConfig - minimumIdle.....................10
2026-07-11 19:48:36 DEBUG c.z.h.HikariConfig - password........................<masked>
2026-07-11 19:48:36 DEBUG c.z.h.HikariConfig - poolName........................"HikariPool-1"
2026-07-11 19:48:36 DEBUG c.z.h.HikariConfig - readOnly........................false
2026-07-11 19:48:36 DEBUG c.z.h.HikariConfig - registerMbeans..................false
2026-07-11 19:48:36 DEBUG c.z.h.HikariConfig - scheduledExecutor...............none
2026-07-11 19:48:36 DEBUG c.z.h.HikariConfig - schema..........................none
2026-07-11 19:48:36 DEBUG c.z.h.HikariConfig - threadFactory...................internal
2026-07-11 19:48:36 DEBUG c.z.h.HikariConfig - transactionIsolation............default
2026-07-11 19:48:36 DEBUG c.z.h.HikariConfig - username........................"root"
2026-07-11 19:48:36 DEBUG c.z.h.HikariConfig - validationTimeout...............5000
2026-07-11 19:48:36 INFO  c.z.h.HikariDataSource - HikariPool-1 - Starting...
2026-07-11 19:48:36 DEBUG c.z.h.p.PoolBase - HikariPool-1 - Attempting to create/setup new connection (8ea40102-8e6a-441c-b3da-ed8e50256435)
2026-07-11 19:48:36 DEBUG c.z.h.p.PoolBase - HikariPool-1 - Established new connection (8ea40102-8e6a-441c-b3da-ed8e50256435)
2026-07-11 19:48:36 INFO  c.z.h.p.HikariPool - HikariPool-1 - Added connection com.mysql.cj.jdbc.ConnectionImpl@1e288c76
2026-07-11 19:48:36 INFO  c.z.h.HikariDataSource - HikariPool-1 - Start completed.
2026-07-11 19:48:36 DEBUG o.h.o.jdbc - HHH100017: Database:
	name: MySQL
	version: 8.0.46
	major: 8
	minor: 0
2026-07-11 19:48:36 DEBUG o.h.o.jdbc - HHH100018: Driver:
	name: MySQL Connector/J
	version: mysql-connector-j-9.7.0 (Revision: 0aade1f13bcc98faf7dda5c02e782481eb291f62)
	major: 9
	minor: 7
	JDBC version: 4.2
2026-07-11 19:48:36 DEBUG o.h.o.dialect - HHH035001: Using dialect: org.hibernate.dialect.MySQLDialect, version: 8.0.46
2026-07-11 19:48:36 DEBUG o.h.e.j.e.s.IdentifierHelperBuilder - IdentifierCaseStrategy for both quoted and unquoted identifiers was set to the same strategy [LOWER]; that will likely lead to problems in schema update and validation if using quoted identifiers
2026-07-11 19:48:36 DEBUG c.z.h.p.HikariPool - HikariPool-1 - Pool stats (total=1/10, idle=0/10, active=1, waiting=0)
2026-07-11 19:48:36 DEBUG c.z.h.p.PoolBase - HikariPool-1 - Attempting to create/setup new connection (58ea97d6-d736-4726-9059-04e0ee471472)
2026-07-11 19:48:36 DEBUG o.h.o.jdbc - HHH100122: Using default JDBC fetch size: 0
2026-07-11 19:48:36 DEBUG c.z.h.p.PoolBase - HikariPool-1 - Established new connection (58ea97d6-d736-4726-9059-04e0ee471472)
2026-07-11 19:48:36 DEBUG c.z.h.p.HikariPool - HikariPool-1 - Added connection com.mysql.cj.jdbc.ConnectionImpl@7aeb5466
2026-07-11 19:48:36 INFO  o.h.o.c.pooling - HHH10001005: Database info:
	Database JDBC URL [jdbc:mysql://localhost:3306/prod_ready_features?createDatabaseIfNotExist=true&useSSL=false]
	Database driver: MySQL Connector/J
	Database dialect: MySQLDialect
	Database version: 8.0.46
	Default catalog/schema: prod_ready_features/undefined
	Autocommit mode: undefined/unknown
	Isolation level: REPEATABLE_READ [default REPEATABLE_READ]
	JDBC fetch size: none
	Pool: DataSourceConnectionProvider
	Minimum pool size: undefined/unknown
	Maximum pool size: undefined/unknown
2026-07-11 19:48:36 DEBUG c.z.h.p.HikariPool - HikariPool-1 - After adding stats (total=2/10, idle=2/10, active=0, waiting=0)
2026-07-11 19:48:36 DEBUG c.z.h.p.PoolBase - HikariPool-1 - Attempting to create/setup new connection (a961a819-7fc5-46fc-9167-674ab80cf418)
2026-07-11 19:48:36 DEBUG c.z.h.p.PoolBase - HikariPool-1 - Established new connection (a961a819-7fc5-46fc-9167-674ab80cf418)
2026-07-11 19:48:36 DEBUG c.z.h.p.HikariPool - HikariPool-1 - Added connection com.mysql.cj.jdbc.ConnectionImpl@2acf7d88
2026-07-11 19:48:37 DEBUG c.z.h.p.HikariPool - HikariPool-1 - After adding stats (total=3/10, idle=3/10, active=0, waiting=0)
2026-07-11 19:48:37 DEBUG c.z.h.p.PoolBase - HikariPool-1 - Attempting to create/setup new connection (6e6a7db7-2147-46ca-bd7e-f3a29e720651)
2026-07-11 19:48:37 DEBUG c.z.h.p.PoolBase - HikariPool-1 - Established new connection (6e6a7db7-2147-46ca-bd7e-f3a29e720651)
2026-07-11 19:48:37 DEBUG c.z.h.p.HikariPool - HikariPool-1 - Added connection com.mysql.cj.jdbc.ConnectionImpl@52d439a3
2026-07-11 19:48:37 DEBUG c.z.h.p.HikariPool - HikariPool-1 - After adding stats (total=4/10, idle=4/10, active=0, waiting=0)
2026-07-11 19:48:37 DEBUG c.z.h.p.PoolBase - HikariPool-1 - Attempting to create/setup new connection (c105642e-dc35-4950-b74c-62e2b821416e)
2026-07-11 19:48:37 DEBUG c.z.h.p.PoolBase - HikariPool-1 - Established new connection (c105642e-dc35-4950-b74c-62e2b821416e)
2026-07-11 19:48:37 DEBUG c.z.h.p.HikariPool - HikariPool-1 - Added connection com.mysql.cj.jdbc.ConnectionImpl@a0bb4d8
2026-07-11 19:48:37 DEBUG c.z.h.p.HikariPool - HikariPool-1 - After adding stats (total=5/10, idle=5/10, active=0, waiting=0)
2026-07-11 19:48:37 DEBUG c.z.h.p.PoolBase - HikariPool-1 - Attempting to create/setup new connection (58a1faa5-70f7-4921-95e7-3336f595e9ad)
2026-07-11 19:48:37 DEBUG c.z.h.p.PoolBase - HikariPool-1 - Established new connection (58a1faa5-70f7-4921-95e7-3336f595e9ad)
2026-07-11 19:48:37 DEBUG c.z.h.p.HikariPool - HikariPool-1 - Added connection com.mysql.cj.jdbc.ConnectionImpl@49d05753
2026-07-11 19:48:37 DEBUG c.z.h.p.HikariPool - HikariPool-1 - After adding stats (total=6/10, idle=6/10, active=0, waiting=0)
2026-07-11 19:48:37 DEBUG c.z.h.p.PoolBase - HikariPool-1 - Attempting to create/setup new connection (2ae0d66c-0277-49da-94f3-ede22d79b7c1)
2026-07-11 19:48:37 DEBUG c.z.h.p.PoolBase - HikariPool-1 - Established new connection (2ae0d66c-0277-49da-94f3-ede22d79b7c1)
2026-07-11 19:48:37 DEBUG c.z.h.p.HikariPool - HikariPool-1 - Added connection com.mysql.cj.jdbc.ConnectionImpl@8cd5c10
2026-07-11 19:48:37 DEBUG c.z.h.p.HikariPool - HikariPool-1 - After adding stats (total=7/10, idle=7/10, active=0, waiting=0)
2026-07-11 19:48:37 DEBUG c.z.h.p.PoolBase - HikariPool-1 - Attempting to create/setup new connection (7d070a4a-fbac-4776-a2f0-c1594a8568fb)
2026-07-11 19:48:37 DEBUG c.z.h.p.PoolBase - HikariPool-1 - Established new connection (7d070a4a-fbac-4776-a2f0-c1594a8568fb)
2026-07-11 19:48:37 DEBUG c.z.h.p.HikariPool - HikariPool-1 - Added connection com.mysql.cj.jdbc.ConnectionImpl@2afbc2e0
2026-07-11 19:48:37 DEBUG c.z.h.p.HikariPool - HikariPool-1 - After adding stats (total=8/10, idle=8/10, active=0, waiting=0)
2026-07-11 19:48:37 DEBUG c.z.h.p.PoolBase - HikariPool-1 - Attempting to create/setup new connection (3bcc8e6c-b4f3-4b38-9679-d37935168f3e)
2026-07-11 19:48:37 DEBUG c.z.h.p.PoolBase - HikariPool-1 - Established new connection (3bcc8e6c-b4f3-4b38-9679-d37935168f3e)
2026-07-11 19:48:37 DEBUG c.z.h.p.HikariPool - HikariPool-1 - Added connection com.mysql.cj.jdbc.ConnectionImpl@2b92b4cc
2026-07-11 19:48:37 DEBUG o.h.e.c.i.m.AuditMetadataGenerator - Generating first-pass auditing mapping for entity com.spring.Actuator.entities.PostEntity
2026-07-11 19:48:37 INFO  o.h.e.c.i.m.AuditMetadataGenerator - Adding properties for entity: com.spring.Actuator.entities.PostEntity
2026-07-11 19:48:37 DEBUG o.h.e.c.i.m.AuditMetadataGenerator - Generating second-pass auditing mapping for entity com.spring.Actuator.entities.PostEntity
2026-07-11 19:48:37 DEBUG c.z.h.p.HikariPool - HikariPool-1 - After adding stats (total=9/10, idle=9/10, active=0, waiting=0)
2026-07-11 19:48:37 DEBUG c.z.h.p.PoolBase - HikariPool-1 - Attempting to create/setup new connection (c584b302-11fe-4dba-b6fe-c8923a087b4c)
2026-07-11 19:48:37 DEBUG c.z.h.p.PoolBase - HikariPool-1 - Established new connection (c584b302-11fe-4dba-b6fe-c8923a087b4c)
2026-07-11 19:48:37 DEBUG c.z.h.p.HikariPool - HikariPool-1 - Added connection com.mysql.cj.jdbc.ConnectionImpl@6db85f3c
2026-07-11 19:48:37 DEBUG c.z.h.p.HikariPool - HikariPool-1 - After adding stats (total=10/10, idle=10/10, active=0, waiting=0)
2026-07-11 19:48:37 DEBUG c.z.h.p.HikariPool - HikariPool-1 - Connection not added, stats (total=10/10, idle=10/10, active=0, waiting=0)
2026-07-11 19:48:37 DEBUG o.s.o.j.h.SpringBeanContainer - Falling back to Hibernate's default producer after bean creation failure for interface org.hibernate.context.spi.CurrentTenantIdentifierResolver: org.springframework.beans.factory.NoSuchBeanDefinitionException: No qualifying bean of type 'org.hibernate.context.spi.CurrentTenantIdentifierResolver<?>' available
2026-07-11 19:48:37 DEBUG o.s.o.j.h.SpringBeanContainer - Falling back to Hibernate's default producer after bean creation failure for interface org.hibernate.context.spi.TenantSchemaMapper: org.springframework.beans.factory.NoSuchBeanDefinitionException: No qualifying bean of type 'org.hibernate.context.spi.TenantSchemaMapper<?>' available
2026-07-11 19:48:37 DEBUG o.s.o.j.h.SpringBeanContainer - Falling back to Hibernate's default producer after bean creation failure for interface org.hibernate.context.spi.TenantCredentialsMapper: org.springframework.beans.factory.NoSuchBeanDefinitionException: No qualifying bean of type 'org.hibernate.context.spi.TenantCredentialsMapper<?>' available
2026-07-11 19:48:37 DEBUG o.h.o.factory - HHH90020001: Instantiating factory [b16164eb-9211-4991-9eec-fdc6b662fac0] with settings: {hibernate.format_sql=true, java.specification.version=25, sun.cpu.isalist=amd64, hibernate.resource.beans.container=org.springframework.orm.jpa.hibernate.SpringBeanContainer@34a99d8, hibernate.connection.handling_mode=DELAYED_ACQUISITION_AND_HOLD, sun.jnu.encoding=Cp1252, hibernate.implicit_naming_strategy=org.springframework.boot.hibernate.SpringImplicitNamingStrategy, java.class.path=D:\Spring Boot\4. Production Ready Spring Boot Features\4.5. Spring Boot Actuator\Actuator\target\test-classes;D:\Spring Boot\4. Production Ready Spring Boot Features\4.5. Spring Boot Actuator\Actuator\target\classes;C:\Users\Dell\.m2\repository\org\springframework\boot\spring-boot-starter-actuator\4.1.0\spring-boot-starter-actuator-4.1.0.jar;C:\Users\Dell\.m2\repository\org\springframework\boot\spring-boot-starter\4.1.0\spring-boot-starter-4.1.0.jar;C:\Users\Dell\.m2\repository\org\springframework\boot\spring-boot-starter-logging\4.1.0\spring-boot-starter-logging-4.1.0.jar;C:\Users\Dell\.m2\repository\ch\qos\logback\logback-classic\1.5.34\logback-classic-1.5.34.jar;C:\Users\Dell\.m2\repository\ch\qos\logback\logback-core\1.5.34\logback-core-1.5.34.jar;C:\Users\Dell\.m2\repository\org\apache\logging\log4j\log4j-to-slf4j\2.25.4\log4j-to-slf4j-2.25.4.jar;C:\Users\Dell\.m2\repository\org\apache\logging\log4j\log4j-api\2.25.4\log4j-api-2.25.4.jar;C:\Users\Dell\.m2\repository\org\slf4j\jul-to-slf4j\2.0.18\jul-to-slf4j-2.0.18.jar;C:\Users\Dell\.m2\repository\jakarta\annotation\jakarta.annotation-api\3.0.0\jakarta.annotation-api-3.0.0.jar;C:\Users\Dell\.m2\repository\org\yaml\snakeyaml\2.6\snakeyaml-2.6.jar;C:\Users\Dell\.m2\repository\org\springframework\boot\spring-boot-starter-micrometer-metrics\4.1.0\spring-boot-starter-micrometer-metrics-4.1.0.jar;C:\Users\Dell\.m2\repository\org\springframework\boot\spring-boot-micrometer-metrics\4.1.0\spring-boot-micrometer-metrics-4.1.0.jar;C:\Users\Dell\.m2\repository\org\springframework\boot\spring-boot-micrometer-observation\4.1.0\spring-boot-micrometer-observation-4.1.0.jar;C:\Users\Dell\.m2\repository\org\springframework\boot\spring-boot-actuator-autoconfigure\4.1.0\spring-boot-actuator-autoconfigure-4.1.0.jar;C:\Users\Dell\.m2\repository\org\springframework\boot\spring-boot-actuator\4.1.0\spring-boot-actuator-4.1.0.jar;C:\Users\Dell\.m2\repository\org\springframework\boot\spring-boot-health\4.1.0\spring-boot-health-4.1.0.jar;C:\Users\Dell\.m2\repository\io\micrometer\micrometer-observation\1.17.0\micrometer-observation-1.17.0.jar;C:\Users\Dell\.m2\repository\org\jspecify\jspecify\1.0.0\jspecify-1.0.0.jar;C:\Users\Dell\.m2\repository\io\micrometer\micrometer-commons\1.17.0\micrometer-commons-1.17.0.jar;C:\Users\Dell\.m2\repository\io\micrometer\micrometer-jakarta9\1.17.0\micrometer-jakarta9-1.17.0.jar;C:\Users\Dell\.m2\repository\io\micrometer\micrometer-core\1.17.0\micrometer-core-1.17.0.jar;C:\Users\Dell\.m2\repository\org\hdrhistogram\HdrHistogram\2.2.2\HdrHistogram-2.2.2.jar;C:\Users\Dell\.m2\repository\org\springframework\boot\spring-boot-starter-data-jpa\4.1.0\spring-boot-starter-data-jpa-4.1.0.jar;C:\Users\Dell\.m2\repository\org\springframework\boot\spring-boot-starter-jdbc\4.1.0\spring-boot-starter-jdbc-4.1.0.jar;C:\Users\Dell\.m2\repository\com\zaxxer\HikariCP\7.0.2\HikariCP-7.0.2.jar;C:\Users\Dell\.m2\repository\org\slf4j\slf4j-api\2.0.18\slf4j-api-2.0.18.jar;C:\Users\Dell\.m2\repository\org\springframework\boot\spring-boot-data-jpa\4.1.0\spring-boot-data-jpa-4.1.0.jar;C:\Users\Dell\.m2\repository\org\springframework\boot\spring-boot-data-commons\4.1.0\spring-boot-data-commons-4.1.0.jar;C:\Users\Dell\.m2\repository\org\springframework\boot\spring-boot-persistence\4.1.0\spring-boot-persistence-4.1.0.jar;C:\Users\Dell\.m2\repository\org\springframework\data\spring-data-commons\4.1.0\spring-data-commons-4.1.0.jar;C:\Users\Dell\.m2\repository\org\springframework\boot\spring-boot-hibernate\4.1.0\spring-boot-hibernate-4.1.0.jar;C:\Users\Dell\.m2\repository\org\springframework\boot\spring-boot-jpa\4.1.0\spring-boot-jpa-4.1.0.jar;C:\Users\Dell\.m2\repository\org\springframework\spring-orm\7.0.8\spring-orm-7.0.8.jar;C:\Users\Dell\.m2\repository\org\springframework\data\spring-data-jpa\4.1.0\spring-data-jpa-4.1.0.jar;C:\Users\Dell\.m2\repository\org\springframework\spring-aop\7.0.8\spring-aop-7.0.8.jar;C:\Users\Dell\.m2\repository\org\springframework\spring-tx\7.0.8\spring-tx-7.0.8.jar;C:\Users\Dell\.m2\repository\org\springframework\spring-beans\7.0.8\spring-beans-7.0.8.jar;C:\Users\Dell\.m2\repository\org\springframework\spring-aspects\7.0.8\spring-aspects-7.0.8.jar;C:\Users\Dell\.m2\repository\org\aspectj\aspectjweaver\1.9.25.1\aspectjweaver-1.9.25.1.jar;C:\Users\Dell\.m2\repository\org\springframework\boot\spring-boot-jdbc\4.1.0\spring-boot-jdbc-4.1.0.jar;C:\Users\Dell\.m2\repository\org\springframework\boot\spring-boot-sql\4.1.0\spring-boot-sql-4.1.0.jar;C:\Users\Dell\.m2\repository\org\springframework\boot\spring-boot-transaction\4.1.0\spring-boot-transaction-4.1.0.jar;C:\Users\Dell\.m2\repository\org\springframework\spring-jdbc\7.0.8\spring-jdbc-7.0.8.jar;C:\Users\Dell\.m2\repository\org\springframework\boot\spring-boot-starter-validation\4.1.0\spring-boot-starter-validation-4.1.0.jar;C:\Users\Dell\.m2\repository\org\springframework\boot\spring-boot-validation\4.1.0\spring-boot-validation-4.1.0.jar;C:\Users\Dell\.m2\repository\org\apache\tomcat\embed\tomcat-embed-el\11.0.22\tomcat-embed-el-11.0.22.jar;C:\Users\Dell\.m2\repository\org\hibernate\validator\hibernate-validator\9.1.0.Final\hibernate-validator-9.1.0.Final.jar;C:\Users\Dell\.m2\repository\jakarta\validation\jakarta.validation-api\3.1.1\jakarta.validation-api-3.1.1.jar;C:\Users\Dell\.m2\repository\com\fasterxml\classmate\1.7.3\classmate-1.7.3.jar;C:\Users\Dell\.m2\repository\org\springframework\boot\spring-boot-starter-webmvc\4.1.0\spring-boot-starter-webmvc-4.1.0.jar;C:\Users\Dell\.m2\repository\org\springframework\boot\spring-boot-starter-jackson\4.1.0\spring-boot-starter-jackson-4.1.0.jar;C:\Users\Dell\.m2\repository\org\springframework\boot\spring-boot-jackson\4.1.0\spring-boot-jackson-4.1.0.jar;C:\Users\Dell\.m2\repository\tools\jackson\core\jackson-databind\3.1.4\jackson-databind-3.1.4.jar;C:\Users\Dell\.m2\repository\com\fasterxml\jackson\core\jackson-annotations\2.21\jackson-annotations-2.21.jar;C:\Users\Dell\.m2\repository\tools\jackson\core\jackson-core\3.1.4\jackson-core-3.1.4.jar;C:\Users\Dell\.m2\repository\org\springframework\boot\spring-boot-starter-tomcat\4.1.0\spring-boot-starter-tomcat-4.1.0.jar;C:\Users\Dell\.m2\repository\org\springframework\boot\spring-boot-starter-tomcat-runtime\4.1.0\spring-boot-starter-tomcat-runtime-4.1.0.jar;C:\Users\Dell\.m2\repository\org\apache\tomcat\embed\tomcat-embed-core\11.0.22\tomcat-embed-core-11.0.22.jar;C:\Users\Dell\.m2\repository\org\apache\tomcat\embed\tomcat-embed-websocket\11.0.22\tomcat-embed-websocket-11.0.22.jar;C:\Users\Dell\.m2\repository\org\springframework\boot\spring-boot-tomcat\4.1.0\spring-boot-tomcat-4.1.0.jar;C:\Users\Dell\.m2\repository\org\springframework\boot\spring-boot-http-converter\4.1.0\spring-boot-http-converter-4.1.0.jar;C:\Users\Dell\.m2\repository\org\springframework\spring-web\7.0.8\spring-web-7.0.8.jar;C:\Users\Dell\.m2\repository\org\springframework\boot\spring-boot-webmvc\4.1.0\spring-boot-webmvc-4.1.0.jar;C:\Users\Dell\.m2\repository\org\springframework\boot\spring-boot-servlet\4.1.0\spring-boot-servlet-4.1.0.jar;C:\Users\Dell\.m2\repository\org\springframework\spring-webmvc\7.0.8\spring-webmvc-7.0.8.jar;C:\Users\Dell\.m2\repository\org\springframework\spring-expression\7.0.8\spring-expression-7.0.8.jar;C:\Users\Dell\.m2\repository\org\springframework\boot\spring-boot-devtools\4.1.0\spring-boot-devtools-4.1.0.jar;C:\Users\Dell\.m2\repository\org\springframework\boot\spring-boot\4.1.0\spring-boot-4.1.0.jar;C:\Users\Dell\.m2\repository\org\springframework\spring-core\7.0.8\spring-core-7.0.8.jar;C:\Users\Dell\.m2\repository\commons-logging\commons-logging\1.3.6\commons-logging-1.3.6.jar;C:\Users\Dell\.m2\repository\org\springframework\spring-context\7.0.8\spring-context-7.0.8.jar;C:\Users\Dell\.m2\repository\org\springframework\boot\spring-boot-autoconfigure\4.1.0\spring-boot-autoconfigure-4.1.0.jar;C:\Users\Dell\.m2\repository\com\mysql\mysql-connector-j\9.7.0\mysql-connector-j-9.7.0.jar;C:\Users\Dell\.m2\repository\org\projectlombok\lombok\1.18.46\lombok-1.18.46.jar;C:\Users\Dell\.m2\repository\org\springframework\boot\spring-boot-starter-actuator-test\4.1.0\spring-boot-starter-actuator-test-4.1.0.jar;C:\Users\Dell\.m2\repository\org\springframework\boot\spring-boot-starter-test\4.1.0\spring-boot-starter-test-4.1.0.jar;C:\Users\Dell\.m2\repository\org\springframework\boot\spring-boot-test\4.1.0\spring-boot-test-4.1.0.jar;C:\Users\Dell\.m2\repository\org\springframework\boot\spring-boot-test-autoconfigure\4.1.0\spring-boot-test-autoconfigure-4.1.0.jar;C:\Users\Dell\.m2\repository\com\jayway\jsonpath\json-path\2.10.0\json-path-2.10.0.jar;C:\Users\Dell\.m2\repository\net\minidev\json-smart\2.6.0\json-smart-2.6.0.jar;C:\Users\Dell\.m2\repository\net\minidev\accessors-smart\2.6.0\accessors-smart-2.6.0.jar;C:\Users\Dell\.m2\repository\org\ow2\asm\asm\9.7.1\asm-9.7.1.jar;C:\Users\Dell\.m2\repository\org\assertj\assertj-core\3.27.7\assertj-core-3.27.7.jar;C:\Users\Dell\.m2\repository\org\awaitility\awaitility\4.3.0\awaitility-4.3.0.jar;C:\Users\Dell\.m2\repository\org\hamcrest\hamcrest\3.0\hamcrest-3.0.jar;C:\Users\Dell\.m2\repository\org\junit\jupiter\junit-jupiter\6.0.3\junit-jupiter-6.0.3.jar;C:\Users\Dell\.m2\repository\org\junit\jupiter\junit-jupiter-api\6.0.3\junit-jupiter-api-6.0.3.jar;C:\Users\Dell\.m2\repository\org\opentest4j\opentest4j\1.3.0\opentest4j-1.3.0.jar;C:\Users\Dell\.m2\repository\org\junit\platform\junit-platform-commons\6.0.3\junit-platform-commons-6.0.3.jar;C:\Users\Dell\.m2\repository\org\apiguardian\apiguardian-api\1.1.2\apiguardian-api-1.1.2.jar;C:\Users\Dell\.m2\repository\org\junit\jupiter\junit-jupiter-params\6.0.3\junit-jupiter-params-6.0.3.jar;C:\Users\Dell\.m2\repository\org\junit\jupiter\junit-jupiter-engine\6.0.3\junit-jupiter-engine-6.0.3.jar;C:\Users\Dell\.m2\repository\org\junit\platform\junit-platform-engine\6.0.3\junit-platform-engine-6.0.3.jar;C:\Users\Dell\.m2\repository\org\mockito\mockito-core\5.23.0\mockito-core-5.23.0.jar;C:\Users\Dell\.m2\repository\net\bytebuddy\byte-buddy-agent\1.18.10\byte-buddy-agent-1.18.10.jar;C:\Users\Dell\.m2\repository\org\objenesis\objenesis\3.3\objenesis-3.3.jar;C:\Users\Dell\.m2\repository\org\mockito\mockito-junit-jupiter\5.23.0\mockito-junit-jupiter-5.23.0.jar;C:\Users\Dell\.m2\repository\org\skyscreamer\jsonassert\1.5.3\jsonassert-1.5.3.jar;C:\Users\Dell\.m2\repository\com\vaadin\external\google\android-json\0.0.20131108.vaadin1\android-json-0.0.20131108.vaadin1.jar;C:\Users\Dell\.m2\repository\org\springframework\spring-test\7.0.8\spring-test-7.0.8.jar;C:\Users\Dell\.m2\repository\org\xmlunit\xmlunit-core\2.11.0\xmlunit-core-2.11.0.jar;C:\Users\Dell\.m2\repository\org\springframework\boot\spring-boot-starter-micrometer-metrics-test\4.1.0\spring-boot-starter-micrometer-metrics-test-4.1.0.jar;C:\Users\Dell\.m2\repository\org\springframework\boot\spring-boot-micrometer-metrics-test\4.1.0\spring-boot-micrometer-metrics-test-4.1.0.jar;C:\Users\Dell\.m2\repository\io\micrometer\micrometer-observation-test\1.17.0\micrometer-observation-test-1.17.0.jar;C:\Users\Dell\.m2\repository\org\springframework\boot\spring-boot-starter-data-jpa-test\4.1.0\spring-boot-starter-data-jpa-test-4.1.0.jar;C:\Users\Dell\.m2\repository\org\springframework\boot\spring-boot-starter-jdbc-test\4.1.0\spring-boot-starter-jdbc-test-4.1.0.jar;C:\Users\Dell\.m2\repository\org\springframework\boot\spring-boot-jdbc-test\4.1.0\spring-boot-jdbc-test-4.1.0.jar;C:\Users\Dell\.m2\repository\org\springframework\boot\spring-boot-data-jpa-test\4.1.0\spring-boot-data-jpa-test-4.1.0.jar;C:\Users\Dell\.m2\repository\org\springframework\boot\spring-boot-jpa-test\4.1.0\spring-boot-jpa-test-4.1.0.jar;C:\Users\Dell\.m2\repository\org\springframework\boot\spring-boot-starter-validation-test\4.1.0\spring-boot-starter-validation-test-4.1.0.jar;C:\Users\Dell\.m2\repository\org\springframework\boot\spring-boot-starter-webmvc-test\4.1.0\spring-boot-starter-webmvc-test-4.1.0.jar;C:\Users\Dell\.m2\repository\org\springframework\boot\spring-boot-starter-jackson-test\4.1.0\spring-boot-starter-jackson-test-4.1.0.jar;C:\Users\Dell\.m2\repository\org\springframework\boot\spring-boot-webmvc-test\4.1.0\spring-boot-webmvc-test-4.1.0.jar;C:\Users\Dell\.m2\repository\org\springframework\boot\spring-boot-web-server\4.1.0\spring-boot-web-server-4.1.0.jar;C:\Users\Dell\.m2\repository\org\springframework\boot\spring-boot-resttestclient\4.1.0\spring-boot-resttestclient-4.1.0.jar;C:\Users\Dell\.m2\repository\org\modelmapper\modelmapper\3.2.6\modelmapper-3.2.6.jar;C:\Users\Dell\.m2\repository\org\hibernate\orm\hibernate-envers\7.4.1.Final\hibernate-envers-7.4.1.Final.jar;C:\Users\Dell\.m2\repository\org\hibernate\orm\hibernate-core\7.4.1.Final\hibernate-core-7.4.1.Final.jar;C:\Users\Dell\.m2\repository\jakarta\persistence\jakarta.persistence-api\3.2.0\jakarta.persistence-api-3.2.0.jar;C:\Users\Dell\.m2\repository\jakarta\transaction\jakarta.transaction-api\2.0.1\jakarta.transaction-api-2.0.1.jar;C:\Users\Dell\.m2\repository\net\bytebuddy\byte-buddy\1.18.10\byte-buddy-1.18.10.jar;C:\Users\Dell\.m2\repository\jakarta\inject\jakarta.inject-api\2.0.1\jakarta.inject-api-2.0.1.jar;C:\Users\Dell\.m2\repository\org\antlr\antlr4-runtime\4.13.2\antlr4-runtime-4.13.2.jar;C:\Users\Dell\.m2\repository\org\jboss\logging\jboss-logging\3.6.3.Final\jboss-logging-3.6.3.Final.jar;C:\Users\Dell\.m2\repository\org\hibernate\models\hibernate-models\1.1.1\hibernate-models-1.1.1.jar;C:\Users\Dell\.m2\repository\jakarta\xml\bind\jakarta.xml.bind-api\4.0.5\jakarta.xml.bind-api-4.0.5.jar;C:\Users\Dell\.m2\repository\jakarta\activation\jakarta.activation-api\2.1.4\jakarta.activation-api-2.1.4.jar;C:\Users\Dell\.m2\repository\org\glassfish\jaxb\jaxb-runtime\4.0.9\jaxb-runtime-4.0.9.jar;C:\Users\Dell\.m2\repository\org\glassfish\jaxb\jaxb-core\4.0.9\jaxb-core-4.0.9.jar;C:\Users\Dell\.m2\repository\org\eclipse\angus\angus-activation\2.0.3\angus-activation-2.0.3.jar;C:\Users\Dell\.m2\repository\org\glassfish\jaxb\txw2\4.0.9\txw2-4.0.9.jar;C:\Users\Dell\.m2\repository\com\sun\istack\istack-commons-runtime\4.1.2\istack-commons-runtime-4.1.2.jar;C:\Users\Dell\.m2\repository\io\smallrye\jandex\3.3.2\jandex-3.3.2.jar;C:\Users\Dell\Spring Tool Suite\configuration\org.eclipse.osgi\272\0\.cp;C:\Users\Dell\Spring Tool Suite\configuration\org.eclipse.osgi\269\0\.cp;C:\Users\Dell\Spring Tool Suite\configuration\org.eclipse.osgi\61\0\.cp, java.vm.vendor=Eclipse Adoptium, sun.arch.data.model=64, user.variant=, java.vendor.url=https://adoptium.net/, user.timezone=Asia/Calcutta, jakarta.persistence.sharedCache.mode=UNSPECIFIED, org.jboss.logging.provider=slf4j, os.name=Windows 11, java.vm.specification.version=25, APPLICATION_NAME=Actuator, jakarta.persistence.nonJtaDataSource=HikariDataSource (HikariPool-1), sun.java.launcher=SUN_STANDARD, user.country=IN, sun.boot.library.path=C:\Users\Dell\Spring Tool Suite\plugins\org.eclipse.justj.openjdk.hotspot.jre.full.win32.x86_64_25.0.3.v20260502-0818\jre\bin, sun.java.command=org.eclipse.jdt.internal.junit.runner.RemoteTestRunner -version 3 -port 50929 -testLoaderClass org.eclipse.jdt.internal.junit6.runner.JUnit6TestLoader -loaderpluginname org.eclipse.jdt.junit6.runtime -classNames com.spring.Actuator.ActuatorApplicationTests, javax.persistence.nonJtaDataSource=HikariDataSource (HikariPool-1), jdk.debug=release, sun.cpu.endian=little, hibernate.cdi.extensions=true, user.home=C:\Users\Dell, user.language=en, java.specification.vendor=Oracle Corporation, java.version.date=2026-04-21, java.home=C:\Users\Dell\Spring Tool Suite\plugins\org.eclipse.justj.openjdk.hotspot.jre.full.win32.x86_64_25.0.3.v20260502-0818\jre, file.separator=\, java.vm.compressedOopsMode=Zero based, line.separator=
, hibernate.persistenceUnitName=default, java.vm.specification.vendor=Oracle Corporation, java.specification.name=Java Platform API Specification, FILE_LOG_CHARSET=UTF-8, hibernate.transaction.coordinator_class=class org.hibernate.resource.transaction.backend.jdbc.internal.JdbcResourceLocalTransactionCoordinatorBuilderImpl, java.awt.headless=true, jakarta.persistence.validation.mode=AUTO, hibernate.hbm2ddl.auto=create, user.script=, sun.management.compiler=HotSpot 64-Bit Tiered Compilers, java.runtime.version=25.0.3+9-LTS, user.name=Dell, stdout.encoding=UTF-8, path.separator=;, os.version=10.0, java.runtime.name=OpenJDK Runtime Environment, file.encoding=UTF-8, java.vm.name=OpenJDK 64-Bit Server VM, hibernate.show_sql=true, java.vendor.version=Temurin-25.0.3+9, java.vendor.url.bug=https://github.com/adoptium/adoptium-support/issues, java.io.tmpdir=C:\Users\Dell\AppData\Local\Temp\, java.version=25.0.3, hibernate.physical_naming_strategy=org.hibernate.boot.model.naming.PhysicalNamingStrategySnakeCaseImpl, user.dir=D:\Spring Boot\4. Production Ready Spring Boot Features\4.5. Spring Boot Actuator\Actuator, os.arch=amd64, java.vm.specification.name=Java Virtual Machine Specification, PID=15908, sun.os.patch.level=, CONSOLE_LOG_CHARSET=UTF-8, hibernate.boot.CfgXmlAccessService.key=org.hibernate.boot.registry.StandardServiceRegistryBuilder$1@3e984100, native.encoding=Cp1252, java.library.path=C:\Users\Dell\Spring Tool Suite\plugins\org.eclipse.justj.openjdk.hotspot.jre.full.win32.x86_64_25.0.3.v20260502-0818\jre\bin;C:\WINDOWS\Sun\Java\bin;C:\WINDOWS\system32;C:\WINDOWS;C:/Users/Dell/Spring Tool Suite//plugins/org.eclipse.justj.openjdk.hotspot.jre.full.win32.x86_64_25.0.3.v20260502-0818/jre/bin/server;C:/Users/Dell/Spring Tool Suite//plugins/org.eclipse.justj.openjdk.hotspot.jre.full.win32.x86_64_25.0.3.v20260502-0818/jre/bin;C:\Program Files\Common Files\Oracle\Java\javapath;C:\WINDOWS\system32;C:\WINDOWS;C:\WINDOWS\System32\Wbem;C:\WINDOWS\System32\WindowsPowerShell\v1.0\;C:\WINDOWS\System32\OpenSSH\;C:\Program Files\dotnet\;C:\Program Files\gs\gs10.06.0\bin;C:\Program Files\Java\jdk-25\bin;C:\Program Files\Git\cmd;C:\Program Files\MySQL\MySQL Server 8.0\bin;C:\Program Files\MySQL\MySQL Shell 8.0\bin\;C:\Users\Dell\AppData\Local\Microsoft\WindowsApps;C:\Users\Dell\AppData\Local\Programs\Microsoft VS Code\bin;;C:\Users\Dell\Spring Tool Suite;;., stderr.encoding=UTF-8, java.vendor=Eclipse Adoptium, java.vm.info=mixed mode, sharing, java.vm.version=25.0.3+9-LTS, stdin.encoding=Cp1252, sun.io.unicode.encoding=UnicodeLittle, hibernate.archive.scanner=org.hibernate.boot.archive.scan.internal.DisabledScanner, hibernate.connection.datasource=HikariDataSource (HikariPool-1), CONSOLE_LOG_PATTERN=%d{yyyy-MM-dd HH:mm:ss.SSS} %-5level [%thread] %logger{36} - %msg%n, java.class.version=69.0, LOGGED_APPLICATION_NAME=[Actuator] }
2026-07-11 19:48:37 DEBUG o.h.v.i.x.c.ValidationXmlParser - Trying to load META-INF/validation.xml for XML based Validator configuration.
2026-07-11 19:48:37 DEBUG o.h.v.i.x.c.ResourceLoaderHelper - Trying to load META-INF/validation.xml via TCCL
2026-07-11 19:48:37 DEBUG o.h.v.i.x.c.ResourceLoaderHelper - Trying to load META-INF/validation.xml via Hibernate Validator's class loader
2026-07-11 19:48:37 DEBUG o.h.v.i.x.c.ValidationXmlParser - No META-INF/validation.xml found. Using annotation based configuration only.
2026-07-11 19:48:37 DEBUG o.h.v.i.e.r.TraversableResolvers - Found jakarta.persistence.Persistence on classpath containing 'getPersistenceUtil'. Assuming Jakarta Persistence environment. Trying to instantiate Jakarta Persistence aware TraversableResolver
2026-07-11 19:48:37 DEBUG o.h.v.i.e.r.TraversableResolvers - Instantiated Jakarta Persistence aware TraversableResolver of type org.hibernate.validator.internal.engine.resolver.JPATraversableResolver.
2026-07-11 19:48:37 DEBUG o.h.v.m.ResourceBundleMessageInterpolator - Loaded expression factory via original TCCL
2026-07-11 19:48:37 DEBUG o.h.v.i.e.ValidatorFactoryConfigurationHelper - HV000252: Using org.hibernate.validator.internal.engine.DefaultPropertyNodeNameProvider as property node name provider.
2026-07-11 19:48:37 DEBUG o.h.v.i.e.ValidatorFactoryConfigurationHelper - HV000234: Using org.hibernate.validator.messageinterpolation.ResourceBundleMessageInterpolator as ValidatorFactory-scoped message interpolator.
2026-07-11 19:48:37 DEBUG o.h.v.i.e.ValidatorFactoryConfigurationHelper - HV000234: Using org.hibernate.validator.internal.engine.resolver.JPATraversableResolver as ValidatorFactory-scoped traversable resolver.
2026-07-11 19:48:37 DEBUG o.h.v.i.e.ValidatorFactoryConfigurationHelper - HV000234: Using org.hibernate.validator.internal.util.ExecutableParameterNameProvider as ValidatorFactory-scoped parameter name provider.
2026-07-11 19:48:37 DEBUG o.h.v.i.e.ValidatorFactoryConfigurationHelper - HV000234: Using org.hibernate.validator.internal.engine.DefaultClockProvider as ValidatorFactory-scoped clock provider.
2026-07-11 19:48:37 DEBUG o.h.v.i.e.ValidatorFactoryConfigurationHelper - HV000234: Using org.hibernate.validator.internal.engine.scripting.DefaultScriptEvaluatorFactory as ValidatorFactory-scoped script evaluator factory.
2026-07-11 19:48:37 DEBUG o.h.HQL_FUNCTIONS - Available HQL Functions:
	_order_by_frag(arg0, arg1)
	abs(NUMERIC arg)
	Double acos(NUMERIC arg)
	adddate(DATE datetime, INTEGER days)
	addtime(TIME datetime, TIME time)
	Boolean any(BOOLEAN arg)
	Integer ascii(STRING arg)
	Double asin(NUMERIC arg)
	Double atan(NUMERIC arg)
	Double atan2(NUMERIC arg0, NUMERIC arg1)
	avg(arg)
	bit_and(arg)
	Integer bit_length(STRING_OR_CLOB arg)
	bit_or(arg)
	bitand(arg0, arg1)
	bitnot(arg)
	bitor(arg0, arg1)
	bitxor(arg0, arg1)
	cast(arg as Type)
	ceiling(NUMERIC arg)
	Object changesetid(arg)
	Character char(INTEGER arg)
	Integer character_length(STRING_OR_CLOB arg)
	Character chr(INTEGER arg)
	coalesce(arg0[, arg1[, ...]])
	String collate(STRING string as COLLATION collation)
	String concat(STRING string0[, STRING string1[, ...]])
	Double cos(NUMERIC arg)
	Double cosh(NUMERIC arg)
	Double cot(NUMERIC arg)
	Long count([distinct ]{arg|*})
	Integer crc32(arg)
	Double cume_dist([arg0[, ...]])
	Date curdate()
	Date current date
	Date current time
	Date current timestamp
	Date current_date
	Instant current_instant
	Date current_time
	Date current_timestamp
	Date curtime()
	Date date(arg)
	dateadd(TEMPORAL_UNIT field, INTEGER magnitude, TEMPORAL datetime)
	Integer datediff(DATE end, DATE start)
	Integer day(DATE arg)
	String dayname(DATE arg)
	Integer dayofmonth(DATE arg)
	Integer dayofweek(DATE arg)
	Integer dayofyear(DATE arg)
	Double degrees(NUMERIC arg)
	Long dense_rank([arg0[, ...]])
	Boolean every(BOOLEAN arg)
	Double exp(NUMERIC arg)
	extract(TEMPORAL_UNIT field from TEMPORAL arg)
	first_valueANY value
	floor(NUMERIC arg)
	String format(TEMPORAL datetime as STRING pattern)
	greatest(COMPARABLE arg0, COMPARABLE arg1[, arg2[, ...]])
	String hex(arg)
	Integer hour(TIME arg)
	ifnull(arg0, arg1)
	String insert(STRING string, INTEGER start, INTEGER length, STRING replacement)
	Instant instant
	Integer instr(STRING string, STRING pattern[, INTEGER start[, INTEGER occurrence]])
	String json_array([arg0[, ...]])
	String json_array_append(IMPLICIT_JSON arg0, STRING arg1, ANY arg2)
	String json_array_insert(IMPLICIT_JSON arg0, STRING arg1, ANY arg2)
	String json_arrayagg(arg0[, arg1])
	Boolean json_exists(IMPLICIT_JSON arg0, STRING arg1)
	String json_insert(IMPLICIT_JSON arg0, STRING arg1, ANY arg2)
	String json_mergepatch(IMPLICIT_JSON arg0, IMPLICIT_JSON arg1[, arg2[, ...]])
	String json_object( ... )
	String json_objectagg(arg0, arg1[, arg2, arg3])
	String json_query( ... )
	String json_remove(IMPLICIT_JSON arg0, STRING arg1)
	String json_replace(IMPLICIT_JSON arg0, STRING arg1, ANY arg2)
	String json_set(IMPLICIT_JSON arg0, STRING arg1, ANY arg2)
	json_value( ... )
	lagANY value[, INTEGER offset[, ANY default]]
	Date last_day(DATE arg)
	last_valueANY value
	leadANY value[, INTEGER offset[, ANY default]]
	least(COMPARABLE arg0, COMPARABLE arg1[, arg2[, ...]])
	String left(STRING string, INTEGER length)
	Integer length(STRING_OR_CLOB arg)
	String listagg(STRING arg0, STRING arg1)
	Double ln(NUMERIC arg)
	LocalDate local date
	LocalDateTime local datetime
	LocalTime local time
	LocalDate local_date
	LocalDateTime local_datetime
	LocalTime local_time
	Date localtime
	Date localtimestamp
	Integer locate(STRING pattern, STRING string[, INTEGER start])
	Double log(NUMERIC arg0[, NUMERIC arg1])
	Double log10(NUMERIC arg)
	Double log2(NUMERIC arg)
	String lower(STRING string)
	String lpad(string, length[, padding])
	String ltrim(STRING string[, STRING characters])
	Date makedate(INTEGER year, INTEGER dayofyear)
	Date maketime(INTEGER hour, INTEGER min, INTEGER sec)
	max(COMPARABLE arg)
	byte[] md5(arg)
	Integer microsecond(TIME arg)
	min(COMPARABLE arg)
	Integer minute(TIME arg)
	Integer mod(INTEGER arg0, INTEGER arg1)
	ModificationType modificationtype(arg)
	Integer month(DATE arg)
	String monthname(DATE arg)
	Date now()
	nth_valueANY value, INTEGER nth
	nullif(arg0, arg1)
	Integer octet_length(STRING_OR_CLOB arg)
	OffsetDateTime offset datetime
	OffsetDateTime offset_datetime
	Integer ordinal(ENUM arg)
	String overlay(STRING string placing STRING replacement from INTEGER start[ for INTEGER length])
	String pad(STRING string with INTEGER length {leading|trailing}[ STRING character])
	Double percent_rank([arg0[, ...]])
	Double pi
	Integer position(STRING pattern in STRING string)
	Double power(NUMERIC arg0, NUMERIC arg1)
	Integer quarter(DATE arg)
	Double radians(NUMERIC arg)
	Double rand([INTEGER seed])
	Long rank([arg0[, ...]])
	Boolean regexp_like(STRING arg0, STRING arg1[, STRING arg2])
	String repeat(STRING string, INTEGER times)
	String replace(STRING string, STRING pattern, STRING replacement)
	String reverse(STRING arg)
	String right(STRING string, INTEGER length)
	round(NUMERIC number[, INTEGER places])
	Long row_number()
	String rpad(string, length[, padding])
	String rtrim(STRING string[, STRING characters])
	Integer second(TIME arg)
	byte[] sha(arg)
	String sha1(arg)
	String sha2(arg0, arg1)
	Integer sign(NUMERIC arg)
	Double sin(NUMERIC arg)
	Double sinh(NUMERIC arg)
	String soundex(arg)
	String space(INTEGER arg)
	sql
	Double sqrt(NUMERIC arg)
	Double stddev(NUMERIC arg)
	Double stddev_pop(NUMERIC arg)
	Double stddev_samp(NUMERIC arg)
	String str(arg)
	String string(ENUM arg)
	subdate(DATE datetime, INTEGER days)
	String substr(STRING string, INTEGER start[, INTEGER length])
	String substring(STRING string{ from|,} INTEGER start[{ for|,} INTEGER length])
	subtime(TIME datetime, TIME time)
	sum(arg)
	Date sysdate()
	Double tan(NUMERIC arg)
	Double tanh(NUMERIC arg)
	String time(arg)
	Date timestamp(arg0[, arg1])
	timestampadd(TEMPORAL_UNIT field, INTEGER magnitude, TEMPORAL datetime)
	Long|Double timestampdiff(TEMPORAL_UNIT field, TEMPORAL start, TEMPORAL end)
	String trim([[{leading|trailing|both} ][STRING arg0 ]from] STRING arg1)
	trunc( ... )
	truncate( ... )
	String upper(STRING string)
	Date utc_date
	Date utc_time
	Date utc_timestamp
	Double var_pop(NUMERIC arg)
	Double var_samp(NUMERIC arg)
	Double variance(NUMERIC arg)
	Integer week(DATE arg)
	Integer year(DATE arg)

2026-07-11 19:48:38 DEBUG o.h.o.core - HHH000513: Unable to create the ReflectionOptimizer for [com.spring.Actuator.entities.PostEntity]: private accessor [createdAt]
2026-07-11 19:48:38 INFO  o.h.o.core - HHH000489: No JTA platform available (set 'hibernate.transaction.jta.platform' to enable JTA platform integration)
2026-07-11 19:48:38 DEBUG o.h.o.service - HHH010454: EventListenerRegistry access via ServiceRegistry is deprecated - use 'sessionFactory.getEventEngine().getListenerRegistry()' instead
2026-07-11 19:48:38 DEBUG o.h.SQL - 
    alter table posts_aud 
       drop 
       foreign key FKgd2crtj4u69d0y8bba9jwogbi
2026-07-11 19:48:38 DEBUG o.h.SQL - 
    drop table if exists posts
2026-07-11 19:48:38 DEBUG o.h.SQL - 
    drop table if exists posts_aud
2026-07-11 19:48:38 DEBUG o.h.SQL - 
    drop table if exists revinfo
2026-07-11 19:48:38 DEBUG o.h.SQL - 
    create table posts (
        created_at datetime(6) not null,
        id bigint not null auto_increment,
        updated_at datetime(6),
        title varchar(100) not null,
        description varchar(1000) not null,
        created_by varchar(255),
        updated_by varchar(255),
        primary key (id)
    ) engine=InnoDB
2026-07-11 19:48:38 DEBUG o.h.SQL - 
    create table posts_aud (
        rev integer not null,
        revtype tinyint,
        created_at datetime(6),
        id bigint not null,
        updated_at datetime(6),
        title varchar(100),
        description varchar(1000),
        created_by varchar(255),
        updated_by varchar(255),
        primary key (rev, id)
    ) engine=InnoDB
2026-07-11 19:48:38 DEBUG o.h.SQL - 
    create table revinfo (
        rev integer not null auto_increment,
        revtstmp bigint,
        primary key (rev)
    ) engine=InnoDB
2026-07-11 19:48:38 DEBUG o.h.SQL - 
    alter table posts_aud 
       add constraint FKgd2crtj4u69d0y8bba9jwogbi 
       foreign key (rev) 
       references revinfo (rev)
2026-07-11 19:48:38 DEBUG o.h.o.factoryRegistry - HHH020384: Registering SessionFactory [b16164eb-9211-4991-9eec-fdc6b662fac0] (default)
2026-07-11 19:48:38 INFO  o.s.o.j.LocalContainerEntityManagerFactoryBean - Initialized JPA EntityManagerFactory for persistence unit 'default'
2026-07-11 19:48:38 DEBUG o.s.b.f.s.DefaultListableBeanFactory - Creating shared instance of singleton bean 'actuatorApplication'
2026-07-11 19:48:38 DEBUG o.s.b.f.s.DefaultListableBeanFactory - Creating shared instance of singleton bean 'globalExceptionHandler'
2026-07-11 19:48:38 DEBUG o.s.b.f.s.DefaultListableBeanFactory - Creating shared instance of singleton bean 'globalResponseHandler'
2026-07-11 19:48:38 DEBUG o.s.b.f.s.DefaultListableBeanFactory - Creating shared instance of singleton bean 'employeeRestClientImpl'
2026-07-11 19:48:38 DEBUG o.s.b.f.s.DefaultListableBeanFactory - Creating shared instance of singleton bean 'getRestClientObject'
2026-07-11 19:48:38 DEBUG o.s.b.f.s.DefaultListableBeanFactory - Creating shared instance of singleton bean 'restClientConfig'
2026-07-11 19:48:38 DEBUG o.s.c.e.PropertySourcesPropertyResolver - Found key 'employeeService.base.url' in PropertySource 'environmentProperties' with value of type String
2026-07-11 19:48:39 DEBUG o.s.b.f.s.DefaultListableBeanFactory - Autowiring by type from bean name 'employeeRestClientImpl' via constructor to bean named 'getRestClientObject'
2026-07-11 19:48:39 DEBUG o.s.b.f.s.DefaultListableBeanFactory - Creating shared instance of singleton bean 'appConfig'
2026-07-11 19:48:39 DEBUG o.s.b.f.s.DefaultListableBeanFactory - Creating shared instance of singleton bean 'postController'
2026-07-11 19:48:39 DEBUG o.s.b.f.s.DefaultListableBeanFactory - Creating shared instance of singleton bean 'postServiceImpl'
2026-07-11 19:48:39 DEBUG o.s.b.f.s.DefaultListableBeanFactory - Creating shared instance of singleton bean 'postRepository'
2026-07-11 19:48:39 DEBUG o.s.b.f.s.DefaultListableBeanFactory - Creating shared instance of singleton bean 'jpa.named-queries#0'
2026-07-11 19:48:39 DEBUG o.s.b.f.s.DefaultListableBeanFactory - Creating shared instance of singleton bean 'jpa.PostRepository.fragments#0'
2026-07-11 19:48:39 DEBUG o.s.b.f.s.DefaultListableBeanFactory - Creating shared instance of singleton bean 'jpaSharedEM_entityManagerFactory'
2026-07-11 19:48:39 DEBUG o.s.b.f.s.DefaultListableBeanFactory - Creating shared instance of singleton bean 'jpaMappingContext'
2026-07-11 19:48:39 DEBUG o.s.d.j.r.c.JpaMetamodelMappingContextFactoryBean - Initializing JpaMetamodelMappingContext…
2026-07-11 19:48:39 DEBUG o.s.d.j.r.c.JpaMetamodelMappingContextFactoryBean - Finished initializing JpaMetamodelMappingContext
2026-07-11 19:48:39 INFO  o.s.d.j.r.q.QueryEnhancerFactories - Hibernate is in classpath; If applicable, HQL parser will be used.
2026-07-11 19:48:39 DEBUG o.s.b.f.s.DefaultListableBeanFactory - Creating shared instance of singleton bean 'metricsRepositoryMethodInvocationListener'
2026-07-11 19:48:39 DEBUG o.s.b.f.s.DefaultListableBeanFactory - Creating shared instance of singleton bean 'org.springframework.boot.data.autoconfigure.metrics.DataRepositoryMetricsAutoConfiguration'
2026-07-11 19:48:39 DEBUG o.s.b.f.s.DefaultListableBeanFactory - Creating shared instance of singleton bean 'management.metrics.data-org.springframework.boot.data.autoconfigure.metrics.DataMetricsProperties'
2026-07-11 19:48:39 DEBUG o.s.b.f.s.DefaultListableBeanFactory - Autowiring by type from bean name 'org.springframework.boot.data.autoconfigure.metrics.DataRepositoryMetricsAutoConfiguration' via constructor to bean named 'management.metrics.data-org.springframework.boot.data.autoconfigure.metrics.DataMetricsProperties'
2026-07-11 19:48:39 DEBUG o.s.b.f.s.DefaultListableBeanFactory - Creating shared instance of singleton bean 'repositoryTagsProvider'
2026-07-11 19:48:39 DEBUG o.s.b.f.s.DefaultListableBeanFactory - Autowiring by type from bean name 'metricsRepositoryMethodInvocationListener' via factory method to bean named 'repositoryTagsProvider'
2026-07-11 19:48:39 DEBUG o.s.d.r.c.s.RepositoryFactorySupport - Initializing repository instance for com.spring.Actuator.repositories.PostRepository…
2026-07-11 19:48:39 DEBUG o.s.d.r.c.s.RepositoryFactorySupport - Finished creation of repository instance for com.spring.Actuator.repositories.PostRepository.
2026-07-11 19:48:39 DEBUG o.s.b.f.s.DefaultListableBeanFactory - Creating shared instance of singleton bean 'getModelMapperObject'
2026-07-11 19:48:39 DEBUG o.s.b.f.s.DefaultListableBeanFactory - Autowiring by type from bean name 'postServiceImpl' via constructor to bean named 'postRepository'
2026-07-11 19:48:39 DEBUG o.s.b.f.s.DefaultListableBeanFactory - Autowiring by type from bean name 'postServiceImpl' via constructor to bean named 'getModelMapperObject'
2026-07-11 19:48:39 DEBUG o.s.b.f.s.DefaultListableBeanFactory - Autowiring by type from bean name 'postController' via constructor to bean named 'postServiceImpl'
2026-07-11 19:48:39 DEBUG o.s.b.f.s.DefaultListableBeanFactory - Creating shared instance of singleton bean 'getAuditrAwareObject'
2026-07-11 19:48:39 DEBUG o.s.b.f.s.DefaultListableBeanFactory - Creating shared instance of singleton bean 'jpaAuditingHandler'
2026-07-11 19:48:39 DEBUG o.s.a.f.ProxyFactoryBean - Advice has changed; re-caching singleton instance
2026-07-11 19:48:39 DEBUG o.s.b.f.s.DefaultListableBeanFactory - Creating shared instance of singleton bean 'org.springframework.data.jpa.domain.support.AuditingEntityListener'
2026-07-11 19:48:39 DEBUG o.s.b.f.s.DefaultListableBeanFactory - Creating shared instance of singleton bean 'org.springframework.boot.autoconfigure.context.PropertyPlaceholderAutoConfiguration'
2026-07-11 19:48:39 DEBUG o.s.b.f.s.DefaultListableBeanFactory - Creating shared instance of singleton bean 'org.springframework.boot.webmvc.autoconfigure.DispatcherServletAutoConfiguration$DispatcherServletConfiguration'
2026-07-11 19:48:39 DEBUG o.s.b.f.s.DefaultListableBeanFactory - Creating shared instance of singleton bean 'dispatcherServlet'
2026-07-11 19:48:39 DEBUG o.s.b.f.s.DefaultListableBeanFactory - Creating shared instance of singleton bean 'spring.mvc-org.springframework.boot.webmvc.autoconfigure.WebMvcProperties'
2026-07-11 19:48:39 DEBUG o.s.b.f.s.DefaultListableBeanFactory - Autowiring by type from bean name 'dispatcherServlet' via factory method to bean named 'spring.mvc-org.springframework.boot.webmvc.autoconfigure.WebMvcProperties'
2026-07-11 19:48:39 DEBUG o.s.b.f.s.DefaultListableBeanFactory - Creating shared instance of singleton bean 'org.springframework.boot.webmvc.autoconfigure.DispatcherServletAutoConfiguration$DispatcherServletRegistrationConfiguration'
2026-07-11 19:48:39 DEBUG o.s.b.f.s.DefaultListableBeanFactory - Creating shared instance of singleton bean 'dispatcherServletRegistration'
2026-07-11 19:48:39 DEBUG o.s.b.f.s.DefaultListableBeanFactory - Autowiring by type from bean name 'dispatcherServletRegistration' via factory method to bean named 'dispatcherServlet'
2026-07-11 19:48:39 DEBUG o.s.b.f.s.DefaultListableBeanFactory - Autowiring by type from bean name 'dispatcherServletRegistration' via factory method to bean named 'spring.mvc-org.springframework.boot.webmvc.autoconfigure.WebMvcProperties'
2026-07-11 19:48:39 DEBUG o.s.b.f.s.DefaultListableBeanFactory - Creating shared instance of singleton bean 'multipartConfigElement'
2026-07-11 19:48:39 DEBUG o.s.b.f.s.DefaultListableBeanFactory - Creating shared instance of singleton bean 'org.springframework.boot.servlet.autoconfigure.MultipartAutoConfiguration'
2026-07-11 19:48:39 DEBUG o.s.b.f.s.DefaultListableBeanFactory - Creating shared instance of singleton bean 'spring.servlet.multipart-org.springframework.boot.servlet.autoconfigure.MultipartProperties'
2026-07-11 19:48:39 DEBUG o.s.b.f.s.DefaultListableBeanFactory - Autowiring by type from bean name 'org.springframework.boot.servlet.autoconfigure.MultipartAutoConfiguration' via constructor to bean named 'spring.servlet.multipart-org.springframework.boot.servlet.autoconfigure.MultipartProperties'
2026-07-11 19:48:39 DEBUG o.s.b.f.s.DefaultListableBeanFactory - Creating shared instance of singleton bean 'org.springframework.boot.webmvc.autoconfigure.DispatcherServletAutoConfiguration'
2026-07-11 19:48:39 DEBUG o.s.b.f.s.DefaultListableBeanFactory - Creating shared instance of singleton bean 'org.springframework.boot.autoconfigure.task.TaskExecutorConfigurations$SimpleAsyncTaskExecutorBuilderConfiguration'
2026-07-11 19:48:39 DEBUG o.s.b.f.s.DefaultListableBeanFactory - Autowiring by type from bean name 'org.springframework.boot.autoconfigure.task.TaskExecutorConfigurations$SimpleAsyncTaskExecutorBuilderConfiguration' via constructor to bean named 'spring.task.execution-org.springframework.boot.autoconfigure.task.TaskExecutionProperties'
2026-07-11 19:48:39 DEBUG o.s.b.f.s.DefaultListableBeanFactory - Creating shared instance of singleton bean 'simpleAsyncTaskExecutorBuilder'
2026-07-11 19:48:39 DEBUG o.s.b.f.s.DefaultListableBeanFactory - Creating shared instance of singleton bean 'org.springframework.boot.autoconfigure.task.TaskExecutorConfigurations$AsyncConfigurerConfiguration'
2026-07-11 19:48:39 DEBUG o.s.b.f.s.DefaultListableBeanFactory - Creating shared instance of singleton bean 'applicationTaskExecutorAsyncConfigurer'
2026-07-11 19:48:39 DEBUG o.s.b.f.s.DefaultListableBeanFactory - Autowiring by type from bean name 'applicationTaskExecutorAsyncConfigurer' via factory method to bean named 'org.springframework.beans.factory.support.DefaultListableBeanFactory@278667fd'
2026-07-11 19:48:39 DEBUG o.s.b.f.s.DefaultListableBeanFactory - Creating shared instance of singleton bean 'org.springframework.boot.autoconfigure.task.TaskExecutorConfigurations$BootstrapExecutorConfiguration'
2026-07-11 19:48:39 DEBUG o.s.b.f.s.DefaultListableBeanFactory - Creating shared instance of singleton bean 'org.springframework.boot.autoconfigure.task.TaskExecutionAutoConfiguration'
2026-07-11 19:48:39 DEBUG o.s.b.f.s.DefaultListableBeanFactory - Creating shared instance of singleton bean 'org.springframework.boot.validation.autoconfigure.ValidationAutoConfiguration'
2026-07-11 19:48:39 DEBUG o.s.b.f.s.DefaultListableBeanFactory - Creating shared instance of singleton bean 'defaultValidator'
2026-07-11 19:48:39 DEBUG o.s.b.f.s.DefaultListableBeanFactory - Autowiring by type from bean name 'defaultValidator' via factory method to bean named 'org.springframework.web.context.support.GenericWebApplicationContext@65b66b08'
2026-07-11 19:48:39 DEBUG o.h.v.m.ResourceBundleMessageInterpolator - Loaded expression factory via original TCCL
2026-07-11 19:48:39 DEBUG o.h.v.i.e.AbstractConfigurationImpl - Setting custom MessageInterpolator of type org.springframework.validation.beanvalidation.LocaleContextMessageInterpolator
2026-07-11 19:48:39 DEBUG o.h.v.i.e.AbstractConfigurationImpl - Setting custom ConstraintValidatorFactory of type org.springframework.validation.beanvalidation.SpringConstraintValidatorFactory
2026-07-11 19:48:39 DEBUG o.h.v.i.x.c.ValidationXmlParser - Trying to load META-INF/validation.xml for XML based Validator configuration.
2026-07-11 19:48:39 DEBUG o.h.v.i.x.c.ResourceLoaderHelper - Trying to load META-INF/validation.xml via user class loader
2026-07-11 19:48:39 DEBUG o.h.v.i.x.c.ResourceLoaderHelper - Trying to load META-INF/validation.xml via TCCL
2026-07-11 19:48:39 DEBUG o.h.v.i.x.c.ResourceLoaderHelper - Trying to load META-INF/validation.xml via Hibernate Validator's class loader
2026-07-11 19:48:39 DEBUG o.h.v.i.x.c.ValidationXmlParser - No META-INF/validation.xml found. Using annotation based configuration only.
2026-07-11 19:48:39 DEBUG o.h.v.i.e.r.TraversableResolvers - Found jakarta.persistence.Persistence on classpath containing 'getPersistenceUtil'. Assuming Jakarta Persistence environment. Trying to instantiate Jakarta Persistence aware TraversableResolver
2026-07-11 19:48:39 DEBUG o.h.v.i.e.r.TraversableResolvers - Instantiated Jakarta Persistence aware TraversableResolver of type org.hibernate.validator.internal.engine.resolver.JPATraversableResolver.
2026-07-11 19:48:39 DEBUG o.h.v.i.e.ValidatorFactoryConfigurationHelper - HV000252: Using org.hibernate.validator.internal.engine.DefaultPropertyNodeNameProvider as property node name provider.
2026-07-11 19:48:39 DEBUG o.h.v.i.e.ValidatorFactoryConfigurationHelper - HV000234: Using org.springframework.validation.beanvalidation.LocaleContextMessageInterpolator as ValidatorFactory-scoped message interpolator.
2026-07-11 19:48:39 DEBUG o.h.v.i.e.ValidatorFactoryConfigurationHelper - HV000234: Using org.hibernate.validator.internal.engine.resolver.JPATraversableResolver as ValidatorFactory-scoped traversable resolver.
2026-07-11 19:48:39 DEBUG o.h.v.i.e.ValidatorFactoryConfigurationHelper - HV000234: Using org.hibernate.validator.internal.util.ExecutableParameterNameProvider as ValidatorFactory-scoped parameter name provider.
2026-07-11 19:48:39 DEBUG o.h.v.i.e.ValidatorFactoryConfigurationHelper - HV000234: Using org.hibernate.validator.internal.engine.DefaultClockProvider as ValidatorFactory-scoped clock provider.
2026-07-11 19:48:39 DEBUG o.h.v.i.e.ValidatorFactoryConfigurationHelper - HV000234: Using org.hibernate.validator.internal.engine.scripting.DefaultScriptEvaluatorFactory as ValidatorFactory-scoped script evaluator factory.
2026-07-11 19:48:39 DEBUG o.s.b.f.s.DefaultListableBeanFactory - Creating shared instance of singleton bean 'org.springframework.boot.webmvc.autoconfigure.error.ErrorMvcAutoConfiguration$WhitelabelErrorViewConfiguration'
2026-07-11 19:48:39 DEBUG o.s.b.f.s.DefaultListableBeanFactory - Creating shared instance of singleton bean 'error'
2026-07-11 19:48:39 DEBUG o.s.b.f.s.DefaultListableBeanFactory - Creating shared instance of singleton bean 'beanNameViewResolver'
2026-07-11 19:48:39 DEBUG o.s.b.f.s.DefaultListableBeanFactory - Creating shared instance of singleton bean 'org.springframework.boot.webmvc.autoconfigure.error.ErrorMvcAutoConfiguration$DefaultErrorViewResolverConfiguration'
2026-07-11 19:48:39 DEBUG o.s.b.f.s.DefaultListableBeanFactory - Creating shared instance of singleton bean 'spring.web-org.springframework.boot.autoconfigure.web.WebProperties'
2026-07-11 19:48:39 DEBUG o.s.b.f.s.DefaultListableBeanFactory - Autowiring by type from bean name 'org.springframework.boot.webmvc.autoconfigure.error.ErrorMvcAutoConfiguration$DefaultErrorViewResolverConfiguration' via constructor to bean named 'org.springframework.web.context.support.GenericWebApplicationContext@65b66b08'
2026-07-11 19:48:39 DEBUG o.s.b.f.s.DefaultListableBeanFactory - Autowiring by type from bean name 'org.springframework.boot.webmvc.autoconfigure.error.ErrorMvcAutoConfiguration$DefaultErrorViewResolverConfiguration' via constructor to bean named 'spring.web-org.springframework.boot.autoconfigure.web.WebProperties'
2026-07-11 19:48:39 DEBUG o.s.b.f.s.DefaultListableBeanFactory - Creating shared instance of singleton bean 'conventionErrorViewResolver'
2026-07-11 19:48:39 DEBUG o.s.b.f.s.DefaultListableBeanFactory - Creating shared instance of singleton bean 'org.springframework.boot.webmvc.autoconfigure.error.ErrorMvcAutoConfiguration'
2026-07-11 19:48:39 DEBUG o.s.b.f.s.DefaultListableBeanFactory - Autowiring by type from bean name 'org.springframework.boot.webmvc.autoconfigure.error.ErrorMvcAutoConfiguration' via constructor to bean named 'spring.web-org.springframework.boot.autoconfigure.web.WebProperties'
2026-07-11 19:48:39 DEBUG o.s.b.f.s.DefaultListableBeanFactory - Creating shared instance of singleton bean 'errorAttributes'
2026-07-11 19:48:39 DEBUG o.s.b.f.s.DefaultListableBeanFactory - Creating shared instance of singleton bean 'basicErrorController'
2026-07-11 19:48:39 DEBUG o.s.b.f.s.DefaultListableBeanFactory - Autowiring by type from bean name 'basicErrorController' via factory method to bean named 'errorAttributes'
2026-07-11 19:48:39 DEBUG o.s.b.f.s.DefaultListableBeanFactory - Creating shared instance of singleton bean 'errorPageCustomizer'
2026-07-11 19:48:39 DEBUG o.s.b.f.s.DefaultListableBeanFactory - Autowiring by type from bean name 'errorPageCustomizer' via factory method to bean named 'dispatcherServletRegistration'
2026-07-11 19:48:39 DEBUG o.s.b.f.s.DefaultListableBeanFactory - Creating shared instance of singleton bean 'org.springframework.boot.webmvc.autoconfigure.WebMvcAutoConfiguration$EnableWebMvcConfiguration'
2026-07-11 19:48:39 DEBUG o.s.b.f.s.DefaultListableBeanFactory - Autowiring by type from bean name 'org.springframework.boot.webmvc.autoconfigure.WebMvcAutoConfiguration$EnableWebMvcConfiguration' via constructor to bean named 'spring.mvc-org.springframework.boot.webmvc.autoconfigure.WebMvcProperties'
2026-07-11 19:48:39 DEBUG o.s.b.f.s.DefaultListableBeanFactory - Autowiring by type from bean name 'org.springframework.boot.webmvc.autoconfigure.WebMvcAutoConfiguration$EnableWebMvcConfiguration' via constructor to bean named 'spring.web-org.springframework.boot.autoconfigure.web.WebProperties'
2026-07-11 19:48:39 DEBUG o.s.b.f.s.DefaultListableBeanFactory - Autowiring by type from bean name 'org.springframework.boot.webmvc.autoconfigure.WebMvcAutoConfiguration$EnableWebMvcConfiguration' via constructor to bean named 'org.springframework.beans.factory.support.DefaultListableBeanFactory@278667fd'
2026-07-11 19:48:39 DEBUG o.s.b.f.s.DefaultListableBeanFactory - Creating shared instance of singleton bean 'org.springframework.boot.webmvc.autoconfigure.WebMvcAutoConfiguration$WebMvcAutoConfigurationAdapter'
2026-07-11 19:48:39 DEBUG o.s.b.f.s.DefaultListableBeanFactory - Autowiring by type from bean name 'org.springframework.boot.webmvc.autoconfigure.WebMvcAutoConfiguration$WebMvcAutoConfigurationAdapter' via constructor to bean named 'spring.web-org.springframework.boot.autoconfigure.web.WebProperties'
2026-07-11 19:48:39 DEBUG o.s.b.f.s.DefaultListableBeanFactory - Autowiring by type from bean name 'org.springframework.boot.webmvc.autoconfigure.WebMvcAutoConfiguration$WebMvcAutoConfigurationAdapter' via constructor to bean named 'spring.mvc-org.springframework.boot.webmvc.autoconfigure.WebMvcProperties'
2026-07-11 19:48:39 DEBUG o.s.b.f.s.DefaultListableBeanFactory - Autowiring by type from bean name 'org.springframework.boot.webmvc.autoconfigure.WebMvcAutoConfiguration$WebMvcAutoConfigurationAdapter' via constructor to bean named 'org.springframework.beans.factory.support.DefaultListableBeanFactory@278667fd'
2026-07-11 19:48:39 DEBUG o.s.b.f.s.DefaultListableBeanFactory - Creating shared instance of singleton bean 'org.springframework.data.web.config.SpringDataWebConfiguration'
2026-07-11 19:48:39 DEBUG o.s.b.f.s.DefaultListableBeanFactory - Autowiring by type from bean name 'org.springframework.data.web.config.SpringDataWebConfiguration' via constructor to bean named 'org.springframework.web.context.support.GenericWebApplicationContext@65b66b08'
2026-07-11 19:48:39 DEBUG o.s.b.f.s.DefaultListableBeanFactory - Creating shared instance of singleton bean 'openEntityManagerInViewInterceptorConfigurer'
2026-07-11 19:48:39 DEBUG o.s.b.f.s.DefaultListableBeanFactory - Creating shared instance of singleton bean 'org.springframework.boot.jpa.autoconfigure.JpaBaseConfiguration$JpaWebConfiguration'
2026-07-11 19:48:39 DEBUG o.s.b.f.s.DefaultListableBeanFactory - Autowiring by type from bean name 'org.springframework.boot.jpa.autoconfigure.JpaBaseConfiguration$JpaWebConfiguration' via constructor to bean named 'spring.jpa-org.springframework.boot.jpa.autoconfigure.JpaProperties'
2026-07-11 19:48:39 DEBUG o.s.b.f.s.DefaultListableBeanFactory - Creating shared instance of singleton bean 'openEntityManagerInViewInterceptor'
2026-07-11 19:48:39 WARN  o.s.b.j.a.JpaBaseConfiguration$JpaWebConfiguration - spring.jpa.open-in-view is enabled by default. Therefore, database queries may be performed during view rendering. Explicitly configure spring.jpa.open-in-view to disable this warning
2026-07-11 19:48:39 DEBUG o.s.b.f.s.DefaultListableBeanFactory - Autowiring by type from bean name 'openEntityManagerInViewInterceptorConfigurer' via factory method to bean named 'openEntityManagerInViewInterceptor'
2026-07-11 19:48:39 DEBUG o.s.b.f.s.DefaultListableBeanFactory - Creating shared instance of singleton bean 'endpointJsonMapperWebMvcConfigurer'
2026-07-11 19:48:39 DEBUG o.s.b.f.s.DefaultListableBeanFactory - Creating shared instance of singleton bean 'endpointJsonMapper'
2026-07-11 19:48:39 DEBUG o.s.b.f.s.DefaultListableBeanFactory - Creating shared instance of singleton bean 'org.springframework.boot.actuate.autoconfigure.endpoint.jackson.JacksonEndpointAutoConfiguration'
2026-07-11 19:48:39 DEBUG o.s.b.f.s.DefaultListableBeanFactory - Autowiring by type from bean name 'endpointJsonMapperWebMvcConfigurer' via factory method to bean named 'endpointJsonMapper'
2026-07-11 19:48:39 DEBUG o.s.b.f.s.DefaultListableBeanFactory - Creating shared instance of singleton bean 'welcomePageHandlerMapping'
2026-07-11 19:48:39 DEBUG o.s.b.f.s.DefaultListableBeanFactory - Creating shared instance of singleton bean 'mvcConversionService'
2026-07-11 19:48:39 DEBUG o.s.b.f.s.DefaultListableBeanFactory - Creating shared instance of singleton bean 'mvcResourceUrlProvider'
2026-07-11 19:48:39 DEBUG o.s.b.f.s.DefaultListableBeanFactory - Autowiring by type from bean name 'welcomePageHandlerMapping' via factory method to bean named 'org.springframework.web.context.support.GenericWebApplicationContext@65b66b08'
2026-07-11 19:48:39 DEBUG o.s.b.f.s.DefaultListableBeanFactory - Autowiring by type from bean name 'welcomePageHandlerMapping' via factory method to bean named 'mvcConversionService'
2026-07-11 19:48:39 DEBUG o.s.b.f.s.DefaultListableBeanFactory - Autowiring by type from bean name 'welcomePageHandlerMapping' via factory method to bean named 'mvcResourceUrlProvider'
2026-07-11 19:48:39 DEBUG o.s.b.f.s.DefaultListableBeanFactory - Creating shared instance of singleton bean 'welcomePageNotAcceptableHandlerMapping'
2026-07-11 19:48:39 DEBUG o.s.b.f.s.DefaultListableBeanFactory - Autowiring by type from bean name 'welcomePageNotAcceptableHandlerMapping' via factory method to bean named 'org.springframework.web.context.support.GenericWebApplicationContext@65b66b08'
2026-07-11 19:48:39 DEBUG o.s.b.f.s.DefaultListableBeanFactory - Autowiring by type from bean name 'welcomePageNotAcceptableHandlerMapping' via factory method to bean named 'mvcConversionService'
2026-07-11 19:48:39 DEBUG o.s.b.f.s.DefaultListableBeanFactory - Autowiring by type from bean name 'welcomePageNotAcceptableHandlerMapping' via factory method to bean named 'mvcResourceUrlProvider'
2026-07-11 19:48:39 DEBUG o.s.b.f.s.DefaultListableBeanFactory - Creating shared instance of singleton bean 'localeResolver'
2026-07-11 19:48:39 DEBUG o.s.b.f.s.DefaultListableBeanFactory - Creating shared instance of singleton bean 'flashMapManager'
2026-07-11 19:48:39 DEBUG o.s.b.f.s.DefaultListableBeanFactory - Creating shared instance of singleton bean 'viewNameTranslator'
2026-07-11 19:48:39 DEBUG o.s.b.f.s.DefaultListableBeanFactory - Creating shared instance of singleton bean 'mvcValidator'
2026-07-11 19:48:39 DEBUG o.s.b.f.s.DefaultListableBeanFactory - Creating shared instance of singleton bean 'requestMappingHandlerMapping'
2026-07-11 19:48:39 DEBUG o.s.b.f.s.DefaultListableBeanFactory - Creating shared instance of singleton bean 'mvcContentNegotiationManager'
2026-07-11 19:48:39 DEBUG o.s.b.f.s.DefaultListableBeanFactory - Creating shared instance of singleton bean 'stringHttpMessageConvertersCustomizer'
2026-07-11 19:48:39 DEBUG o.s.b.f.s.DefaultListableBeanFactory - Creating shared instance of singleton bean 'org.springframework.boot.http.converter.autoconfigure.HttpMessageConvertersAutoConfiguration$StringHttpMessageConverterConfiguration'
2026-07-11 19:48:39 DEBUG o.s.b.f.s.DefaultListableBeanFactory - Creating shared instance of singleton bean 'spring.http.converters-org.springframework.boot.http.converter.autoconfigure.HttpMessageConvertersProperties'
2026-07-11 19:48:39 DEBUG o.s.b.f.s.DefaultListableBeanFactory - Autowiring by type from bean name 'stringHttpMessageConvertersCustomizer' via factory method to bean named 'spring.http.converters-org.springframework.boot.http.converter.autoconfigure.HttpMessageConvertersProperties'
2026-07-11 19:48:39 DEBUG o.s.b.f.s.DefaultListableBeanFactory - Creating shared instance of singleton bean 'jacksonJsonHttpMessageConvertersCustomizer'
2026-07-11 19:48:39 DEBUG o.s.b.f.s.DefaultListableBeanFactory - Creating shared instance of singleton bean 'org.springframework.boot.http.converter.autoconfigure.JacksonHttpMessageConvertersConfiguration$JacksonJsonHttpMessageConverterConfiguration'
2026-07-11 19:48:39 DEBUG o.s.b.f.s.DefaultListableBeanFactory - Creating shared instance of singleton bean 'jacksonJsonMapper'
2026-07-11 19:48:39 DEBUG o.s.b.f.s.DefaultListableBeanFactory - Creating shared instance of singleton bean 'org.springframework.boot.jackson.autoconfigure.JacksonAutoConfiguration'
2026-07-11 19:48:39 DEBUG o.s.b.f.s.DefaultListableBeanFactory - Creating shared instance of singleton bean 'problemDetailJsonMapperBuilderCustomizer'
2026-07-11 19:48:39 DEBUG o.s.b.f.s.DefaultListableBeanFactory - Creating shared instance of singleton bean 'org.springframework.boot.jackson.autoconfigure.JacksonAutoConfiguration$JsonProblemDetailsConfiguration'
2026-07-11 19:48:39 DEBUG o.s.b.f.s.DefaultListableBeanFactory - Creating shared instance of singleton bean 'standardJsonMapperBuilderCustomizer'
2026-07-11 19:48:39 DEBUG o.s.b.f.s.DefaultListableBeanFactory - Creating shared instance of singleton bean 'org.springframework.boot.jackson.autoconfigure.JacksonAutoConfiguration$JacksonJsonCustomizerConfiguration'
2026-07-11 19:48:39 DEBUG o.s.b.f.s.DefaultListableBeanFactory - Creating shared instance of singleton bean 'spring.jackson-org.springframework.boot.jackson.autoconfigure.JacksonProperties'
2026-07-11 19:48:39 DEBUG o.s.b.f.s.DefaultListableBeanFactory - Autowiring by type from bean name 'org.springframework.boot.jackson.autoconfigure.JacksonAutoConfiguration$JacksonJsonCustomizerConfiguration' via constructor to bean named 'spring.jackson-org.springframework.boot.jackson.autoconfigure.JacksonProperties'
2026-07-11 19:48:39 DEBUG o.s.b.f.s.DefaultListableBeanFactory - Autowiring by type from bean name 'standardJsonMapperBuilderCustomizer' via factory method to bean named 'org.springframework.beans.factory.support.DefaultListableBeanFactory@278667fd'
2026-07-11 19:48:39 DEBUG o.s.b.f.s.DefaultListableBeanFactory - Creating shared instance of singleton bean 'jackson3GeoModule'
2026-07-11 19:48:39 DEBUG o.s.b.f.s.DefaultListableBeanFactory - Creating shared instance of singleton bean 'org.springframework.data.web.config.SpringDataJackson3Configuration'
2026-07-11 19:48:39 DEBUG o.s.b.f.s.DefaultListableBeanFactory - Creating shared instance of singleton bean 'springDataWebSettings'
2026-07-11 19:48:39 DEBUG o.s.b.f.s.DefaultListableBeanFactory - Creating shared instance of singleton bean 'org.springframework.boot.data.autoconfigure.web.DataWebAutoConfiguration'
2026-07-11 19:48:39 DEBUG o.s.b.f.s.DefaultListableBeanFactory - Creating shared instance of singleton bean 'spring.data.web-org.springframework.boot.data.autoconfigure.web.DataWebProperties'
2026-07-11 19:48:39 DEBUG o.s.b.f.s.DefaultListableBeanFactory - Autowiring by type from bean name 'org.springframework.boot.data.autoconfigure.web.DataWebAutoConfiguration' via constructor to bean named 'spring.data.web-org.springframework.boot.data.autoconfigure.web.DataWebProperties'
2026-07-11 19:48:39 DEBUG o.s.b.f.s.DefaultListableBeanFactory - Creating shared instance of singleton bean 'jackson3pageModule'
2026-07-11 19:48:39 DEBUG o.s.b.f.s.DefaultListableBeanFactory - Creating shared instance of singleton bean 'jacksonMixinModule'
2026-07-11 19:48:39 DEBUG o.s.b.f.s.DefaultListableBeanFactory - Creating shared instance of singleton bean 'org.springframework.boot.jackson.autoconfigure.JacksonAutoConfiguration$JacksonMixinConfiguration'
2026-07-11 19:48:39 DEBUG o.s.b.f.s.DefaultListableBeanFactory - Creating shared instance of singleton bean 'jacksonMixinModuleEntries'
2026-07-11 19:48:39 DEBUG o.s.b.f.s.DefaultListableBeanFactory - Autowiring by type from bean name 'jacksonMixinModuleEntries' via factory method to bean named 'org.springframework.web.context.support.GenericWebApplicationContext@65b66b08'
2026-07-11 19:48:39 DEBUG o.s.b.f.s.DefaultListableBeanFactory - Autowiring by type from bean name 'jacksonMixinModule' via factory method to bean named 'org.springframework.web.context.support.GenericWebApplicationContext@65b66b08'
2026-07-11 19:48:39 DEBUG o.s.b.f.s.DefaultListableBeanFactory - Autowiring by type from bean name 'jacksonMixinModule' via factory method to bean named 'jacksonMixinModuleEntries'
2026-07-11 19:48:39 DEBUG o.s.b.f.s.DefaultListableBeanFactory - Creating shared instance of singleton bean 'jsonComponentModule'
2026-07-11 19:48:39 DEBUG o.s.b.f.s.DefaultListableBeanFactory - Creating shared instance of singleton bean 'jsonFactory'
2026-07-11 19:48:39 DEBUG o.s.b.f.s.DefaultListableBeanFactory - Creating shared instance of singleton bean 'standardJsonFactoryBuilderCustomizer'
2026-07-11 19:48:39 DEBUG o.s.b.f.s.DefaultListableBeanFactory - Autowiring by type from bean name 'jsonFactory' via factory method to bean named 'standardJsonFactoryBuilderCustomizer'
2026-07-11 19:48:39 DEBUG o.s.b.f.s.DefaultListableBeanFactory - Autowiring by type from bean name 'jsonMapperBuilder' via factory method to bean named 'problemDetailJsonMapperBuilderCustomizer'
2026-07-11 19:48:39 DEBUG o.s.b.f.s.DefaultListableBeanFactory - Autowiring by type from bean name 'jsonMapperBuilder' via factory method to bean named 'standardJsonMapperBuilderCustomizer'
2026-07-11 19:48:39 DEBUG o.s.b.f.s.DefaultListableBeanFactory - Autowiring by type from bean name 'jsonMapperBuilder' via factory method to bean named 'jsonFactory'
2026-07-11 19:48:39 DEBUG o.s.b.f.s.DefaultListableBeanFactory - Autowiring by type from bean name 'jacksonJsonMapper' via factory method to bean named 'jsonMapperBuilder'
2026-07-11 19:48:39 DEBUG o.s.b.f.s.DefaultListableBeanFactory - Autowiring by type from bean name 'jacksonJsonHttpMessageConvertersCustomizer' via factory method to bean named 'jacksonJsonMapper'
2026-07-11 19:48:39 DEBUG o.s.b.f.s.DefaultListableBeanFactory - Creating shared instance of singleton bean 'serverConvertersCustomizer'
2026-07-11 19:48:39 DEBUG o.s.b.f.s.DefaultListableBeanFactory - Creating shared instance of singleton bean 'org.springframework.boot.http.converter.autoconfigure.HttpMessageConvertersAutoConfiguration'
2026-07-11 19:48:39 DEBUG o.s.b.f.s.DefaultListableBeanFactory - Creating shared instance of singleton bean 'mvcApiVersionStrategy'
2026-07-11 19:48:39 DEBUG o.s.b.f.s.DefaultListableBeanFactory - Autowiring by type from bean name 'requestMappingHandlerMapping' via factory method to bean named 'mvcContentNegotiationManager'
2026-07-11 19:48:39 DEBUG o.s.b.f.s.DefaultListableBeanFactory - Autowiring by type from bean name 'requestMappingHandlerMapping' via factory method to bean named 'mvcApiVersionStrategy'
2026-07-11 19:48:39 DEBUG o.s.b.f.s.DefaultListableBeanFactory - Autowiring by type from bean name 'requestMappingHandlerMapping' via factory method to bean named 'mvcConversionService'
2026-07-11 19:48:39 DEBUG o.s.b.f.s.DefaultListableBeanFactory - Autowiring by type from bean name 'requestMappingHandlerMapping' via factory method to bean named 'mvcResourceUrlProvider'
2026-07-11 19:48:39 DEBUG _.s.w.s.H.Mappings - 
	c.s.A.c.PostController:
	{PATCH [/posts/updatePartially]}: updatePostPartially(Long,Map)
	{GET [/posts/findAll]}: getAllPosts()
	{GET [/posts/find]}: getPostById(Long)
	{DELETE [/posts/delete]}: deletePostById(Long)
	{POST [/posts/add]}: createPost(PostDTO)
	{PUT [/posts/update]}: updatePost(Long,PostDTO)
2026-07-11 19:48:39 DEBUG _.s.w.s.H.Mappings - 
	o.s.b.w.a.e.BasicErrorController:
	{ [/error]}: error(HttpServletRequest)
	{ [/error], produces [text/html]}: errorHtml(HttpServletRequest,HttpServletResponse)
2026-07-11 19:48:39 DEBUG o.s.w.s.m.m.a.RequestMappingHandlerMapping - 8 mappings in 'requestMappingHandlerMapping'
2026-07-11 19:48:39 DEBUG o.s.b.f.s.DefaultListableBeanFactory - Creating shared instance of singleton bean 'mvcPatternParser'
2026-07-11 19:48:39 DEBUG o.s.b.f.s.DefaultListableBeanFactory - Creating shared instance of singleton bean 'mvcUrlPathHelper'
2026-07-11 19:48:39 DEBUG o.s.b.f.s.DefaultListableBeanFactory - Creating shared instance of singleton bean 'mvcPathMatcher'
2026-07-11 19:48:39 DEBUG o.s.b.f.s.DefaultListableBeanFactory - Creating shared instance of singleton bean 'viewControllerHandlerMapping'
2026-07-11 19:48:39 DEBUG o.s.b.f.s.DefaultListableBeanFactory - Autowiring by type from bean name 'viewControllerHandlerMapping' via factory method to bean named 'mvcConversionService'
2026-07-11 19:48:39 DEBUG o.s.b.f.s.DefaultListableBeanFactory - Autowiring by type from bean name 'viewControllerHandlerMapping' via factory method to bean named 'mvcResourceUrlProvider'
2026-07-11 19:48:39 DEBUG o.s.b.f.s.DefaultListableBeanFactory - Creating shared instance of singleton bean 'beanNameHandlerMapping'
2026-07-11 19:48:39 DEBUG o.s.b.f.s.DefaultListableBeanFactory - Autowiring by type from bean name 'beanNameHandlerMapping' via factory method to bean named 'mvcConversionService'
2026-07-11 19:48:39 DEBUG o.s.b.f.s.DefaultListableBeanFactory - Autowiring by type from bean name 'beanNameHandlerMapping' via factory method to bean named 'mvcResourceUrlProvider'
2026-07-11 19:48:39 DEBUG _.s.w.s.H.Mappings - 'beanNameHandlerMapping' {}
2026-07-11 19:48:39 DEBUG o.s.b.f.s.DefaultListableBeanFactory - Creating shared instance of singleton bean 'routerFunctionMapping'
2026-07-11 19:48:39 DEBUG o.s.b.f.s.DefaultListableBeanFactory - Autowiring by type from bean name 'routerFunctionMapping' via factory method to bean named 'mvcConversionService'
2026-07-11 19:48:39 DEBUG o.s.b.f.s.DefaultListableBeanFactory - Autowiring by type from bean name 'routerFunctionMapping' via factory method to bean named 'mvcResourceUrlProvider'
2026-07-11 19:48:39 DEBUG o.s.b.f.s.DefaultListableBeanFactory - Autowiring by type from bean name 'routerFunctionMapping' via factory method to bean named 'mvcApiVersionStrategy'
2026-07-11 19:48:39 DEBUG o.s.b.f.s.DefaultListableBeanFactory - Creating shared instance of singleton bean 'resourceHandlerMapping'
2026-07-11 19:48:39 DEBUG o.s.b.f.s.DefaultListableBeanFactory - Autowiring by type from bean name 'resourceHandlerMapping' via factory method to bean named 'mvcContentNegotiationManager'
2026-07-11 19:48:39 DEBUG o.s.b.f.s.DefaultListableBeanFactory - Autowiring by type from bean name 'resourceHandlerMapping' via factory method to bean named 'mvcConversionService'
2026-07-11 19:48:39 DEBUG o.s.b.f.s.DefaultListableBeanFactory - Autowiring by type from bean name 'resourceHandlerMapping' via factory method to bean named 'mvcResourceUrlProvider'
2026-07-11 19:48:39 DEBUG _.s.w.s.H.Mappings - 'resourceHandlerMapping' {/webjars/**=ResourceHttpRequestHandler [classpath [META-INF/resources/webjars/]], /**=ResourceHttpRequestHandler [classpath [META-INF/resources/], classpath [resources/], classpath [static/], classpath [public/], ServletContext [/]]}
2026-07-11 19:48:39 DEBUG o.s.b.f.s.DefaultListableBeanFactory - Creating shared instance of singleton bean 'defaultServletHandlerMapping'
2026-07-11 19:48:39 DEBUG o.s.b.f.s.DefaultListableBeanFactory - Creating shared instance of singleton bean 'requestMappingHandlerAdapter'
2026-07-11 19:48:40 DEBUG o.s.b.f.s.DefaultListableBeanFactory - Autowiring by type from bean name 'requestMappingHandlerAdapter' via factory method to bean named 'mvcContentNegotiationManager'
2026-07-11 19:48:40 DEBUG o.s.b.f.s.DefaultListableBeanFactory - Autowiring by type from bean name 'requestMappingHandlerAdapter' via factory method to bean named 'mvcConversionService'
2026-07-11 19:48:40 DEBUG o.s.b.f.s.DefaultListableBeanFactory - Autowiring by type from bean name 'requestMappingHandlerAdapter' via factory method to bean named 'mvcValidator'
2026-07-11 19:48:40 DEBUG o.s.b.f.s.DefaultListableBeanFactory - Creating shared instance of singleton bean 'sortResolver'
2026-07-11 19:48:40 DEBUG o.s.b.f.s.DefaultListableBeanFactory - Creating shared instance of singleton bean 'sortCustomizer'
2026-07-11 19:48:40 DEBUG o.s.b.f.s.DefaultListableBeanFactory - Creating shared instance of singleton bean 'pageableResolver'
2026-07-11 19:48:40 DEBUG o.s.b.f.s.DefaultListableBeanFactory - Creating shared instance of singleton bean 'pageableCustomizer'
2026-07-11 19:48:40 DEBUG o.s.w.s.m.m.a.RequestMappingHandlerAdapter - ControllerAdvice beans: 0 @ModelAttribute, 0 @InitBinder, 2 RequestBodyAdvice, 2 ResponseBodyAdvice
2026-07-11 19:48:40 DEBUG o.s.b.f.s.DefaultListableBeanFactory - Creating shared instance of singleton bean 'mvcViewResolver'
2026-07-11 19:48:40 DEBUG o.s.b.f.s.DefaultListableBeanFactory - Autowiring by type from bean name 'mvcViewResolver' via factory method to bean named 'mvcContentNegotiationManager'
2026-07-11 19:48:40 DEBUG o.s.b.f.s.DefaultListableBeanFactory - Creating shared instance of singleton bean 'defaultViewResolver'
2026-07-11 19:48:40 DEBUG o.s.b.f.s.DefaultListableBeanFactory - Creating shared instance of singleton bean 'viewResolver'
2026-07-11 19:48:40 DEBUG o.s.b.f.s.DefaultListableBeanFactory - Autowiring by type from bean name 'viewResolver' via factory method to bean named 'org.springframework.beans.factory.support.DefaultListableBeanFactory@278667fd'
2026-07-11 19:48:40 DEBUG o.s.b.f.s.DefaultListableBeanFactory - Creating shared instance of singleton bean 'viewResolver'
2026-07-11 19:48:40 DEBUG o.s.b.f.s.DefaultListableBeanFactory - Creating shared instance of singleton bean 'handlerFunctionAdapter'
2026-07-11 19:48:40 DEBUG o.s.b.f.s.DefaultListableBeanFactory - Creating shared instance of singleton bean 'mvcUriComponentsContributor'
2026-07-11 19:48:40 DEBUG o.s.b.f.s.DefaultListableBeanFactory - Autowiring by type from bean name 'mvcUriComponentsContributor' via factory method to bean named 'mvcConversionService'
2026-07-11 19:48:40 DEBUG o.s.b.f.s.DefaultListableBeanFactory - Autowiring by type from bean name 'mvcUriComponentsContributor' via factory method to bean named 'requestMappingHandlerAdapter'
2026-07-11 19:48:40 DEBUG o.s.b.f.s.DefaultListableBeanFactory - Creating shared instance of singleton bean 'httpRequestHandlerAdapter'
2026-07-11 19:48:40 DEBUG o.s.b.f.s.DefaultListableBeanFactory - Creating shared instance of singleton bean 'simpleControllerHandlerAdapter'
2026-07-11 19:48:40 DEBUG o.s.b.f.s.DefaultListableBeanFactory - Creating shared instance of singleton bean 'handlerExceptionResolver'
2026-07-11 19:48:40 DEBUG o.s.b.f.s.DefaultListableBeanFactory - Autowiring by type from bean name 'handlerExceptionResolver' via factory method to bean named 'mvcContentNegotiationManager'
2026-07-11 19:48:40 DEBUG o.s.w.s.m.m.a.ExceptionHandlerExceptionResolver - ControllerAdvice beans: 1 @ExceptionHandler, 2 ResponseBodyAdvice
2026-07-11 19:48:40 DEBUG o.s.b.f.s.DefaultListableBeanFactory - Creating shared instance of singleton bean 'requestContextFilter'
2026-07-11 19:48:40 DEBUG o.s.b.f.s.DefaultListableBeanFactory - Creating shared instance of singleton bean 'org.springframework.boot.webmvc.autoconfigure.WebMvcAutoConfiguration'
2026-07-11 19:48:40 DEBUG o.s.b.f.s.DefaultListableBeanFactory - Creating shared instance of singleton bean 'formContentFilter'
2026-07-11 19:48:40 DEBUG o.s.b.f.s.DefaultListableBeanFactory - Creating shared instance of singleton bean 'org.springframework.boot.actuate.autoconfigure.audit.AuditEventsEndpointAutoConfiguration'
2026-07-11 19:48:40 DEBUG o.s.b.f.s.DefaultListableBeanFactory - Creating shared instance of singleton bean 'org.springframework.boot.actuate.autoconfigure.beans.BeansEndpointAutoConfiguration'
2026-07-11 19:48:40 DEBUG o.s.b.f.s.DefaultListableBeanFactory - Creating shared instance of singleton bean 'beansEndpoint'
2026-07-11 19:48:40 DEBUG o.s.b.f.s.DefaultListableBeanFactory - Autowiring by type from bean name 'beansEndpoint' via factory method to bean named 'org.springframework.web.context.support.GenericWebApplicationContext@65b66b08'
2026-07-11 19:48:40 DEBUG o.s.b.f.s.DefaultListableBeanFactory - Creating shared instance of singleton bean 'org.springframework.boot.actuate.autoconfigure.condition.ConditionsReportEndpointAutoConfiguration'
2026-07-11 19:48:40 DEBUG o.s.b.f.s.DefaultListableBeanFactory - Creating shared instance of singleton bean 'conditionsReportEndpoint'
2026-07-11 19:48:40 DEBUG o.s.b.f.s.DefaultListableBeanFactory - Autowiring by type from bean name 'conditionsReportEndpoint' via factory method to bean named 'org.springframework.web.context.support.GenericWebApplicationContext@65b66b08'
2026-07-11 19:48:40 DEBUG o.s.b.f.s.DefaultListableBeanFactory - Creating shared instance of singleton bean 'org.springframework.boot.actuate.autoconfigure.context.properties.ConfigurationPropertiesReportEndpointAutoConfiguration'
2026-07-11 19:48:40 DEBUG o.s.b.f.s.DefaultListableBeanFactory - Creating shared instance of singleton bean 'configurationPropertiesReportEndpoint'
2026-07-11 19:48:40 DEBUG o.s.b.f.s.DefaultListableBeanFactory - Creating shared instance of singleton bean 'management.endpoint.configprops-org.springframework.boot.actuate.autoconfigure.context.properties.ConfigurationPropertiesReportEndpointProperties'
2026-07-11 19:48:40 DEBUG o.s.b.f.s.DefaultListableBeanFactory - Autowiring by type from bean name 'configurationPropertiesReportEndpoint' via factory method to bean named 'management.endpoint.configprops-org.springframework.boot.actuate.autoconfigure.context.properties.ConfigurationPropertiesReportEndpointProperties'
2026-07-11 19:48:40 DEBUG o.s.b.f.s.DefaultListableBeanFactory - Creating shared instance of singleton bean 'configurationPropertiesReportEndpointWebExtension'
2026-07-11 19:48:40 DEBUG o.s.b.f.s.DefaultListableBeanFactory - Autowiring by type from bean name 'configurationPropertiesReportEndpointWebExtension' via factory method to bean named 'configurationPropertiesReportEndpoint'
2026-07-11 19:48:40 DEBUG o.s.b.f.s.DefaultListableBeanFactory - Autowiring by type from bean name 'configurationPropertiesReportEndpointWebExtension' via factory method to bean named 'management.endpoint.configprops-org.springframework.boot.actuate.autoconfigure.context.properties.ConfigurationPropertiesReportEndpointProperties'
2026-07-11 19:48:40 DEBUG o.s.b.f.s.DefaultListableBeanFactory - Creating shared instance of singleton bean 'org.springframework.boot.actuate.autoconfigure.endpoint.EndpointAutoConfiguration'
2026-07-11 19:48:40 DEBUG o.s.b.f.s.DefaultListableBeanFactory - Creating shared instance of singleton bean 'endpointOperationParameterMapper'
2026-07-11 19:48:40 DEBUG o.s.b.f.s.DefaultListableBeanFactory - Creating shared instance of singleton bean 'endpointCachingOperationInvokerAdvisor'
2026-07-11 19:48:40 DEBUG o.s.b.f.s.DefaultListableBeanFactory - Autowiring by type from bean name 'endpointCachingOperationInvokerAdvisor' via factory method to bean named 'environment'
2026-07-11 19:48:40 DEBUG o.s.b.f.s.DefaultListableBeanFactory - Creating shared instance of singleton bean 'propertiesEndpointAccessResolver'
2026-07-11 19:48:40 DEBUG o.s.b.f.s.DefaultListableBeanFactory - Autowiring by type from bean name 'propertiesEndpointAccessResolver' via factory method to bean named 'environment'
2026-07-11 19:48:40 DEBUG o.s.b.f.s.DefaultListableBeanFactory - Creating shared instance of singleton bean 'org.springframework.boot.actuate.autoconfigure.endpoint.web.WebEndpointAutoConfiguration$WebEndpointServletConfiguration'
2026-07-11 19:48:40 DEBUG o.s.b.f.s.DefaultListableBeanFactory - Creating shared instance of singleton bean 'servletEndpointDiscoverer'
2026-07-11 19:48:40 DEBUG o.s.b.f.s.DefaultListableBeanFactory - Autowiring by type from bean name 'servletEndpointDiscoverer' via factory method to bean named 'org.springframework.web.context.support.GenericWebApplicationContext@65b66b08'
2026-07-11 19:48:40 DEBUG o.s.b.f.s.DefaultListableBeanFactory - Creating shared instance of singleton bean 'webEndpointPathMapper'
2026-07-11 19:48:40 DEBUG o.s.b.f.s.DefaultListableBeanFactory - Creating shared instance of singleton bean 'org.springframework.boot.actuate.autoconfigure.endpoint.web.WebEndpointAutoConfiguration'
2026-07-11 19:48:40 DEBUG o.s.b.f.s.DefaultListableBeanFactory - Creating shared instance of singleton bean 'management.endpoints.web-org.springframework.boot.actuate.autoconfigure.endpoint.web.WebEndpointProperties'
2026-07-11 19:48:40 DEBUG o.s.b.f.s.DefaultListableBeanFactory - Autowiring by type from bean name 'org.springframework.boot.actuate.autoconfigure.endpoint.web.WebEndpointAutoConfiguration' via constructor to bean named 'org.springframework.web.context.support.GenericWebApplicationContext@65b66b08'
2026-07-11 19:48:40 DEBUG o.s.b.f.s.DefaultListableBeanFactory - Autowiring by type from bean name 'org.springframework.boot.actuate.autoconfigure.endpoint.web.WebEndpointAutoConfiguration' via constructor to bean named 'management.endpoints.web-org.springframework.boot.actuate.autoconfigure.endpoint.web.WebEndpointProperties'
2026-07-11 19:48:40 DEBUG o.s.b.f.s.DefaultListableBeanFactory - Creating shared instance of singleton bean 'servletExposeExcludePropertyEndpointFilter'
2026-07-11 19:48:40 DEBUG o.s.b.f.s.DefaultListableBeanFactory - Creating shared instance of singleton bean 'org.springframework.boot.servlet.autoconfigure.actuate.web.ServletEndpointManagementContextConfiguration'
2026-07-11 19:48:40 DEBUG o.s.b.f.s.DefaultListableBeanFactory - Autowiring by type from bean name 'servletExposeExcludePropertyEndpointFilter' via factory method to bean named 'management.endpoints.web-org.springframework.boot.actuate.autoconfigure.endpoint.web.WebEndpointProperties'
2026-07-11 19:48:40 DEBUG o.s.b.f.s.DefaultListableBeanFactory - Creating shared instance of singleton bean 'endpointMediaTypes'
2026-07-11 19:48:40 DEBUG o.s.b.f.s.DefaultListableBeanFactory - Creating shared instance of singleton bean 'webEndpointDiscoverer'
2026-07-11 19:48:40 DEBUG o.s.b.f.s.DefaultListableBeanFactory - Autowiring by type from bean name 'webEndpointDiscoverer' via factory method to bean named 'endpointOperationParameterMapper'
2026-07-11 19:48:40 DEBUG o.s.b.f.s.DefaultListableBeanFactory - Autowiring by type from bean name 'webEndpointDiscoverer' via factory method to bean named 'endpointMediaTypes'
2026-07-11 19:48:40 DEBUG o.s.b.f.s.DefaultListableBeanFactory - Creating shared instance of singleton bean 'healthEndpointGroups'
2026-07-11 19:48:40 DEBUG o.s.b.f.s.DefaultListableBeanFactory - Creating shared instance of singleton bean 'org.springframework.boot.health.autoconfigure.actuate.endpoint.HealthEndpointConfiguration'
2026-07-11 19:48:40 DEBUG o.s.b.f.s.DefaultListableBeanFactory - Creating shared instance of singleton bean 'management.endpoint.health-org.springframework.boot.health.autoconfigure.actuate.endpoint.HealthEndpointProperties'
2026-07-11 19:48:40 DEBUG o.s.b.f.s.DefaultListableBeanFactory - Autowiring by type from bean name 'healthEndpointGroups' via factory method to bean named 'org.springframework.web.context.support.GenericWebApplicationContext@65b66b08'
2026-07-11 19:48:40 DEBUG o.s.b.f.s.DefaultListableBeanFactory - Autowiring by type from bean name 'healthEndpointGroups' via factory method to bean named 'management.endpoint.health-org.springframework.boot.health.autoconfigure.actuate.endpoint.HealthEndpointProperties'
2026-07-11 19:48:40 DEBUG o.s.b.f.s.DefaultListableBeanFactory - Creating shared instance of singleton bean 'healthStatusAggregator'
2026-07-11 19:48:40 DEBUG o.s.b.f.s.DefaultListableBeanFactory - Autowiring by type from bean name 'healthStatusAggregator' via factory method to bean named 'management.endpoint.health-org.springframework.boot.health.autoconfigure.actuate.endpoint.HealthEndpointProperties'
2026-07-11 19:48:40 DEBUG o.s.b.f.s.DefaultListableBeanFactory - Creating shared instance of singleton bean 'healthHttpCodeStatusMapper'
2026-07-11 19:48:40 DEBUG o.s.b.f.s.DefaultListableBeanFactory - Autowiring by type from bean name 'healthHttpCodeStatusMapper' via factory method to bean named 'management.endpoint.health-org.springframework.boot.health.autoconfigure.actuate.endpoint.HealthEndpointProperties'
2026-07-11 19:48:40 DEBUG o.s.b.f.s.DefaultListableBeanFactory - Creating shared instance of singleton bean 'availabilityProbesHealthEndpointGroupsPostProcessor'
2026-07-11 19:48:40 DEBUG o.s.b.f.s.DefaultListableBeanFactory - Creating shared instance of singleton bean 'org.springframework.boot.health.autoconfigure.actuate.endpoint.AvailabilityProbesAutoConfiguration'
2026-07-11 19:48:40 DEBUG o.s.b.f.s.DefaultListableBeanFactory - Autowiring by type from bean name 'availabilityProbesHealthEndpointGroupsPostProcessor' via factory method to bean named 'environment'
2026-07-11 19:48:40 DEBUG o.s.b.f.s.DefaultListableBeanFactory - Creating shared instance of singleton bean 'webExposeExcludePropertyEndpointFilter'
2026-07-11 19:48:40 DEBUG o.s.b.f.s.DefaultListableBeanFactory - Creating shared instance of singleton bean 'webAccessPropertiesOperationFilter'
2026-07-11 19:48:40 DEBUG o.s.b.f.s.DefaultListableBeanFactory - Autowiring by type from bean name 'webAccessPropertiesOperationFilter' via factory method to bean named 'propertiesEndpointAccessResolver'
2026-07-11 19:48:40 DEBUG o.s.b.f.s.DefaultListableBeanFactory - Creating shared instance of singleton bean 'controllerEndpointDiscoverer'
2026-07-11 19:48:40 DEBUG o.s.b.f.s.DefaultListableBeanFactory - Creating shared instance of singleton bean 'controllerExposeExcludePropertyEndpointFilter'
2026-07-11 19:48:40 DEBUG o.s.b.f.s.DefaultListableBeanFactory - Creating shared instance of singleton bean 'pathMappedEndpoints'
2026-07-11 19:48:40 DEBUG o.s.b.f.s.DefaultListableBeanFactory - Autowiring by type from bean name 'pathMappedEndpoints' via factory method to bean named 'servletEndpointDiscoverer'
2026-07-11 19:48:40 DEBUG o.s.b.f.s.DefaultListableBeanFactory - Autowiring by type from bean name 'pathMappedEndpoints' via factory method to bean named 'webEndpointDiscoverer'
2026-07-11 19:48:40 DEBUG o.s.b.f.s.DefaultListableBeanFactory - Autowiring by type from bean name 'pathMappedEndpoints' via factory method to bean named 'controllerEndpointDiscoverer'
2026-07-11 19:48:40 DEBUG o.s.b.f.s.DefaultListableBeanFactory - Creating shared instance of singleton bean 'environmentEndpoint'
2026-07-11 19:48:40 DEBUG o.s.b.f.s.DefaultListableBeanFactory - Creating shared instance of singleton bean 'org.springframework.boot.actuate.autoconfigure.env.EnvironmentEndpointAutoConfiguration'
2026-07-11 19:48:40 DEBUG o.s.b.f.s.DefaultListableBeanFactory - Creating shared instance of singleton bean 'management.endpoint.env-org.springframework.boot.actuate.autoconfigure.env.EnvironmentEndpointProperties'
2026-07-11 19:48:40 DEBUG o.s.b.f.s.DefaultListableBeanFactory - Autowiring by type from bean name 'environmentEndpoint' via factory method to bean named 'environment'
2026-07-11 19:48:40 DEBUG o.s.b.f.s.DefaultListableBeanFactory - Autowiring by type from bean name 'environmentEndpoint' via factory method to bean named 'management.endpoint.env-org.springframework.boot.actuate.autoconfigure.env.EnvironmentEndpointProperties'
2026-07-11 19:48:40 DEBUG o.s.b.f.s.DefaultListableBeanFactory - Creating shared instance of singleton bean 'sbomEndpoint'
2026-07-11 19:48:40 DEBUG o.s.b.f.s.DefaultListableBeanFactory - Creating shared instance of singleton bean 'org.springframework.boot.actuate.autoconfigure.sbom.SbomEndpointAutoConfiguration'
2026-07-11 19:48:40 DEBUG o.s.b.f.s.DefaultListableBeanFactory - Creating shared instance of singleton bean 'management.endpoint.sbom-org.springframework.boot.actuate.sbom.SbomProperties'
2026-07-11 19:48:40 DEBUG o.s.b.f.s.DefaultListableBeanFactory - Autowiring by type from bean name 'org.springframework.boot.actuate.autoconfigure.sbom.SbomEndpointAutoConfiguration' via constructor to bean named 'management.endpoint.sbom-org.springframework.boot.actuate.sbom.SbomProperties'
2026-07-11 19:48:40 DEBUG o.s.b.f.s.DefaultListableBeanFactory - Autowiring by type from bean name 'sbomEndpoint' via factory method to bean named 'org.springframework.web.context.support.GenericWebApplicationContext@65b66b08'
2026-07-11 19:48:40 DEBUG o.s.b.f.s.DefaultListableBeanFactory - Creating shared instance of singleton bean 'healthEndpoint'
2026-07-11 19:48:40 DEBUG o.s.b.f.s.DefaultListableBeanFactory - Creating shared instance of singleton bean 'healthContributorRegistry'
2026-07-11 19:48:40 DEBUG o.s.b.f.s.DefaultListableBeanFactory - Creating shared instance of singleton bean 'org.springframework.boot.health.autoconfigure.registry.HealthContributorRegistryAutoConfiguration'
2026-07-11 19:48:40 DEBUG o.s.b.f.s.DefaultListableBeanFactory - Creating shared instance of singleton bean 'livenessStateHealthIndicator'
2026-07-11 19:48:40 DEBUG o.s.b.f.s.DefaultListableBeanFactory - Creating shared instance of singleton bean 'applicationAvailability'
2026-07-11 19:48:40 DEBUG o.s.b.f.s.DefaultListableBeanFactory - Creating shared instance of singleton bean 'org.springframework.boot.autoconfigure.availability.ApplicationAvailabilityAutoConfiguration'
2026-07-11 19:48:40 DEBUG o.s.b.f.s.DefaultListableBeanFactory - Autowiring by type from bean name 'livenessStateHealthIndicator' via factory method to bean named 'applicationAvailability'
2026-07-11 19:48:40 DEBUG o.s.b.f.s.DefaultListableBeanFactory - Creating shared instance of singleton bean 'readinessStateHealthIndicator'
2026-07-11 19:48:40 DEBUG o.s.b.f.s.DefaultListableBeanFactory - Autowiring by type from bean name 'readinessStateHealthIndicator' via factory method to bean named 'applicationAvailability'
2026-07-11 19:48:40 DEBUG o.s.b.f.s.DefaultListableBeanFactory - Creating shared instance of singleton bean 'diskSpaceHealthIndicator'
2026-07-11 19:48:40 DEBUG o.s.b.f.s.DefaultListableBeanFactory - Creating shared instance of singleton bean 'org.springframework.boot.health.autoconfigure.application.DiskSpaceHealthContributorAutoConfiguration'
2026-07-11 19:48:40 DEBUG o.s.b.f.s.DefaultListableBeanFactory - Creating shared instance of singleton bean 'management.health.diskspace-org.springframework.boot.health.autoconfigure.application.DiskSpaceHealthIndicatorProperties'
2026-07-11 19:48:40 DEBUG o.s.b.f.s.DefaultListableBeanFactory - Autowiring by type from bean name 'diskSpaceHealthIndicator' via factory method to bean named 'management.health.diskspace-org.springframework.boot.health.autoconfigure.application.DiskSpaceHealthIndicatorProperties'
2026-07-11 19:48:40 DEBUG o.s.b.f.s.DefaultListableBeanFactory - Creating shared instance of singleton bean 'sslHealthIndicator'
2026-07-11 19:48:40 DEBUG o.s.b.f.s.DefaultListableBeanFactory - Creating shared instance of singleton bean 'org.springframework.boot.health.autoconfigure.application.SslHealthContributorAutoConfiguration'
2026-07-11 19:48:40 DEBUG o.s.b.f.s.DefaultListableBeanFactory - Creating shared instance of singleton bean 'sslInfo'
2026-07-11 19:48:40 DEBUG o.s.b.f.s.DefaultListableBeanFactory - Creating shared instance of singleton bean 'sslBundleRegistry'
2026-07-11 19:48:40 DEBUG o.s.b.f.s.DefaultListableBeanFactory - Creating shared instance of singleton bean 'org.springframework.boot.autoconfigure.ssl.SslAutoConfiguration'
2026-07-11 19:48:40 DEBUG o.s.b.f.s.DefaultListableBeanFactory - Creating shared instance of singleton bean 'spring.ssl-org.springframework.boot.autoconfigure.ssl.SslProperties'
2026-07-11 19:48:40 DEBUG o.s.b.f.s.DefaultListableBeanFactory - Autowiring by type from bean name 'org.springframework.boot.autoconfigure.ssl.SslAutoConfiguration' via constructor to bean named 'org.springframework.web.context.support.GenericWebApplicationContext@65b66b08'
2026-07-11 19:48:40 DEBUG o.s.b.f.s.DefaultListableBeanFactory - Autowiring by type from bean name 'org.springframework.boot.autoconfigure.ssl.SslAutoConfiguration' via constructor to bean named 'spring.ssl-org.springframework.boot.autoconfigure.ssl.SslProperties'
2026-07-11 19:48:40 DEBUG o.s.b.f.s.DefaultListableBeanFactory - Creating shared instance of singleton bean 'sslPropertiesSslBundleRegistrar'
2026-07-11 19:48:40 DEBUG o.s.b.f.s.DefaultListableBeanFactory - Creating shared instance of singleton bean 'fileWatcher'
2026-07-11 19:48:40 DEBUG o.s.b.f.s.DefaultListableBeanFactory - Autowiring by type from bean name 'sslPropertiesSslBundleRegistrar' via factory method to bean named 'fileWatcher'
2026-07-11 19:48:40 DEBUG o.s.b.f.s.DefaultListableBeanFactory - Autowiring by type from bean name 'sslInfo' via factory method to bean named 'sslBundleRegistry'
2026-07-11 19:48:40 DEBUG o.s.b.f.s.DefaultListableBeanFactory - Creating shared instance of singleton bean 'management.health.ssl-org.springframework.boot.health.autoconfigure.application.SslHealthIndicatorProperties'
2026-07-11 19:48:40 DEBUG o.s.b.f.s.DefaultListableBeanFactory - Autowiring by type from bean name 'sslHealthIndicator' via factory method to bean named 'sslInfo'
2026-07-11 19:48:40 DEBUG o.s.b.f.s.DefaultListableBeanFactory - Autowiring by type from bean name 'sslHealthIndicator' via factory method to bean named 'management.health.ssl-org.springframework.boot.health.autoconfigure.application.SslHealthIndicatorProperties'
2026-07-11 19:48:40 DEBUG o.s.b.f.s.DefaultListableBeanFactory - Creating shared instance of singleton bean 'pingHealthContributor'
2026-07-11 19:48:40 DEBUG o.s.b.f.s.DefaultListableBeanFactory - Creating shared instance of singleton bean 'org.springframework.boot.health.autoconfigure.contributor.HealthContributorAutoConfiguration'
2026-07-11 19:48:40 DEBUG o.s.b.f.s.DefaultListableBeanFactory - Creating shared instance of singleton bean 'dbHealthContributor'
2026-07-11 19:48:40 DEBUG o.s.b.f.s.DefaultListableBeanFactory - Creating shared instance of singleton bean 'org.springframework.boot.jdbc.autoconfigure.health.DataSourceHealthContributorAutoConfiguration'
2026-07-11 19:48:40 DEBUG o.s.b.f.s.DefaultListableBeanFactory - Creating shared instance of singleton bean 'management.health.db-org.springframework.boot.jdbc.autoconfigure.health.DataSourceHealthIndicatorProperties'
2026-07-11 19:48:40 DEBUG o.s.b.f.s.DefaultListableBeanFactory - Autowiring by type from bean name 'dbHealthContributor' via factory method to bean named 'org.springframework.beans.factory.support.DefaultListableBeanFactory@278667fd'
2026-07-11 19:48:40 DEBUG o.s.b.f.s.DefaultListableBeanFactory - Autowiring by type from bean name 'dbHealthContributor' via factory method to bean named 'management.health.db-org.springframework.boot.jdbc.autoconfigure.health.DataSourceHealthIndicatorProperties'
2026-07-11 19:48:40 DEBUG o.s.b.f.s.DefaultListableBeanFactory - Creating shared instance of singleton bean 'groupsHealthContributorNameValidator'
2026-07-11 19:48:40 DEBUG o.s.b.f.s.DefaultListableBeanFactory - Autowiring by type from bean name 'healthContributorRegistry' via factory method to bean named 'livenessStateHealthIndicator'
2026-07-11 19:48:40 DEBUG o.s.b.f.s.DefaultListableBeanFactory - Autowiring by type from bean name 'healthContributorRegistry' via factory method to bean named 'readinessStateHealthIndicator'
2026-07-11 19:48:40 DEBUG o.s.b.f.s.DefaultListableBeanFactory - Autowiring by type from bean name 'healthContributorRegistry' via factory method to bean named 'diskSpaceHealthIndicator'
2026-07-11 19:48:40 DEBUG o.s.b.f.s.DefaultListableBeanFactory - Autowiring by type from bean name 'healthContributorRegistry' via factory method to bean named 'sslHealthIndicator'
2026-07-11 19:48:40 DEBUG o.s.b.f.s.DefaultListableBeanFactory - Autowiring by type from bean name 'healthContributorRegistry' via factory method to bean named 'pingHealthContributor'
2026-07-11 19:48:40 DEBUG o.s.b.f.s.DefaultListableBeanFactory - Autowiring by type from bean name 'healthContributorRegistry' via factory method to bean named 'dbHealthContributor'
2026-07-11 19:48:40 DEBUG o.s.b.f.s.DefaultListableBeanFactory - Autowiring by type from bean name 'healthContributorRegistry' via factory method to bean named 'groupsHealthContributorNameValidator'
2026-07-11 19:48:40 DEBUG o.s.b.f.s.DefaultListableBeanFactory - Autowiring by type from bean name 'healthEndpoint' via factory method to bean named 'healthContributorRegistry'
2026-07-11 19:48:40 DEBUG o.s.b.f.s.DefaultListableBeanFactory - Autowiring by type from bean name 'healthEndpoint' via factory method to bean named 'healthEndpointGroups'
2026-07-11 19:48:40 DEBUG o.s.b.f.s.DefaultListableBeanFactory - Autowiring by type from bean name 'healthEndpoint' via factory method to bean named 'management.endpoint.health-org.springframework.boot.health.autoconfigure.actuate.endpoint.HealthEndpointProperties'
2026-07-11 19:48:40 DEBUG o.s.b.f.s.DefaultListableBeanFactory - Creating shared instance of singleton bean 'environmentEndpointWebExtension'
2026-07-11 19:48:40 DEBUG o.s.b.f.s.DefaultListableBeanFactory - Autowiring by type from bean name 'environmentEndpointWebExtension' via factory method to bean named 'environmentEndpoint'
2026-07-11 19:48:40 DEBUG o.s.b.f.s.DefaultListableBeanFactory - Autowiring by type from bean name 'environmentEndpointWebExtension' via factory method to bean named 'management.endpoint.env-org.springframework.boot.actuate.autoconfigure.env.EnvironmentEndpointProperties'
2026-07-11 19:48:40 DEBUG o.s.b.f.s.DefaultListableBeanFactory - Creating shared instance of singleton bean 'infoEndpoint'
2026-07-11 19:48:40 DEBUG o.s.b.f.s.DefaultListableBeanFactory - Creating shared instance of singleton bean 'org.springframework.boot.actuate.autoconfigure.info.InfoEndpointAutoConfiguration'
2026-07-11 19:48:40 DEBUG o.s.b.f.s.DefaultListableBeanFactory - Creating shared instance of singleton bean 'envInfoContributor'
2026-07-11 19:48:40 DEBUG o.s.b.f.s.DefaultListableBeanFactory - Creating shared instance of singleton bean 'org.springframework.boot.actuate.autoconfigure.info.InfoContributorAutoConfiguration'
2026-07-11 19:48:40 DEBUG o.s.b.f.s.DefaultListableBeanFactory - Autowiring by type from bean name 'envInfoContributor' via factory method to bean named 'environment'
2026-07-11 19:48:40 DEBUG o.s.b.f.s.DefaultListableBeanFactory - Creating shared instance of singleton bean 'javaInfoContributor'
2026-07-11 19:48:40 DEBUG o.s.b.f.s.DefaultListableBeanFactory - Creating shared instance of singleton bean 'osInfoContributor'
2026-07-11 19:48:40 DEBUG o.s.b.f.s.DefaultListableBeanFactory - Creating shared instance of singleton bean 'loggersEndpoint'
2026-07-11 19:48:40 DEBUG o.s.b.f.s.DefaultListableBeanFactory - Creating shared instance of singleton bean 'org.springframework.boot.actuate.autoconfigure.logging.LoggersEndpointAutoConfiguration'
2026-07-11 19:48:40 DEBUG o.s.b.f.s.DefaultListableBeanFactory - Autowiring by type from bean name 'loggersEndpoint' via factory method to bean named 'springBootLoggingSystem'
2026-07-11 19:48:40 DEBUG o.s.b.f.s.DefaultListableBeanFactory - Creating shared instance of singleton bean 'dumpEndpoint'
2026-07-11 19:48:40 DEBUG o.s.b.f.s.DefaultListableBeanFactory - Creating shared instance of singleton bean 'org.springframework.boot.actuate.autoconfigure.management.ThreadDumpEndpointAutoConfiguration'
2026-07-11 19:48:40 DEBUG o.s.b.f.s.DefaultListableBeanFactory - Creating shared instance of singleton bean 'sbomEndpointWebExtension'
2026-07-11 19:48:40 DEBUG o.s.b.f.s.DefaultListableBeanFactory - Autowiring by type from bean name 'sbomEndpointWebExtension' via factory method to bean named 'sbomEndpoint'
2026-07-11 19:48:40 DEBUG o.s.b.f.s.DefaultListableBeanFactory - Creating shared instance of singleton bean 'scheduledTasksEndpoint'
2026-07-11 19:48:40 DEBUG o.s.b.f.s.DefaultListableBeanFactory - Creating shared instance of singleton bean 'org.springframework.boot.actuate.autoconfigure.scheduling.ScheduledTasksEndpointAutoConfiguration'
2026-07-11 19:48:40 DEBUG o.s.b.f.s.DefaultListableBeanFactory - Creating shared instance of singleton bean 'mappingsEndpoint'
2026-07-11 19:48:40 DEBUG o.s.b.f.s.DefaultListableBeanFactory - Creating shared instance of singleton bean 'org.springframework.boot.actuate.autoconfigure.web.mappings.MappingsEndpointAutoConfiguration'
2026-07-11 19:48:40 DEBUG o.s.b.f.s.DefaultListableBeanFactory - Autowiring by type from bean name 'mappingsEndpoint' via factory method to bean named 'org.springframework.web.context.support.GenericWebApplicationContext@65b66b08'
2026-07-11 19:48:40 DEBUG o.s.b.f.s.DefaultListableBeanFactory - Creating shared instance of singleton bean 'servletMappingDescriptionProvider'
2026-07-11 19:48:40 DEBUG o.s.b.f.s.DefaultListableBeanFactory - Creating shared instance of singleton bean 'org.springframework.boot.servlet.autoconfigure.actuate.web.mappings.ServletMappingsAutoConfiguration'
2026-07-11 19:48:40 DEBUG o.s.b.f.s.DefaultListableBeanFactory - Creating shared instance of singleton bean 'filterMappingDescriptionProvider'
2026-07-11 19:48:40 DEBUG o.s.b.f.s.DefaultListableBeanFactory - Creating shared instance of singleton bean 'dispatcherServletMappingDescriptionProvider'
2026-07-11 19:48:40 DEBUG o.s.b.f.s.DefaultListableBeanFactory - Creating shared instance of singleton bean 'org.springframework.boot.webmvc.autoconfigure.actuate.web.mappings.WebMvcMappingsAutoConfiguration'
2026-07-11 19:48:40 DEBUG o.s.b.f.s.DefaultListableBeanFactory - Creating shared instance of singleton bean 'healthEndpointWebExtension'
2026-07-11 19:48:40 DEBUG o.s.b.f.s.DefaultListableBeanFactory - Creating shared instance of singleton bean 'org.springframework.boot.health.autoconfigure.actuate.endpoint.HealthEndpointWebExtensionConfiguration'
2026-07-11 19:48:40 DEBUG o.s.b.f.s.DefaultListableBeanFactory - Autowiring by type from bean name 'healthEndpointWebExtension' via factory method to bean named 'healthContributorRegistry'
2026-07-11 19:48:40 DEBUG o.s.b.f.s.DefaultListableBeanFactory - Autowiring by type from bean name 'healthEndpointWebExtension' via factory method to bean named 'healthEndpointGroups'
2026-07-11 19:48:40 DEBUG o.s.b.f.s.DefaultListableBeanFactory - Autowiring by type from bean name 'healthEndpointWebExtension' via factory method to bean named 'management.endpoint.health-org.springframework.boot.health.autoconfigure.actuate.endpoint.HealthEndpointProperties'
2026-07-11 19:48:40 DEBUG o.s.b.f.s.DefaultListableBeanFactory - Creating shared instance of singleton bean 'metricsEndpoint'
2026-07-11 19:48:40 DEBUG o.s.b.f.s.DefaultListableBeanFactory - Creating shared instance of singleton bean 'org.springframework.boot.micrometer.metrics.autoconfigure.MetricsEndpointAutoConfiguration'
2026-07-11 19:48:40 DEBUG o.s.b.f.s.DefaultListableBeanFactory - Creating shared instance of singleton bean 'simpleMeterRegistry'
2026-07-11 19:48:40 DEBUG o.s.b.f.s.DefaultListableBeanFactory - Creating shared instance of singleton bean 'org.springframework.boot.micrometer.metrics.autoconfigure.export.simple.SimpleMetricsExportAutoConfiguration'
2026-07-11 19:48:40 DEBUG o.s.b.f.s.DefaultListableBeanFactory - Creating shared instance of singleton bean 'simpleConfig'
2026-07-11 19:48:40 DEBUG o.s.b.f.s.DefaultListableBeanFactory - Creating shared instance of singleton bean 'management.simple.metrics.export-org.springframework.boot.micrometer.metrics.autoconfigure.export.simple.SimpleProperties'
2026-07-11 19:48:40 DEBUG o.s.b.f.s.DefaultListableBeanFactory - Autowiring by type from bean name 'simpleConfig' via factory method to bean named 'management.simple.metrics.export-org.springframework.boot.micrometer.metrics.autoconfigure.export.simple.SimpleProperties'
2026-07-11 19:48:40 DEBUG o.s.b.f.s.DefaultListableBeanFactory - Creating shared instance of singleton bean 'micrometerClock'
2026-07-11 19:48:40 DEBUG o.s.b.f.s.DefaultListableBeanFactory - Creating shared instance of singleton bean 'org.springframework.boot.micrometer.metrics.autoconfigure.MetricsAutoConfiguration'
2026-07-11 19:48:40 DEBUG o.s.b.f.s.DefaultListableBeanFactory - Autowiring by type from bean name 'simpleMeterRegistry' via factory method to bean named 'simpleConfig'
2026-07-11 19:48:40 DEBUG o.s.b.f.s.DefaultListableBeanFactory - Autowiring by type from bean name 'simpleMeterRegistry' via factory method to bean named 'micrometerClock'
2026-07-11 19:48:40 DEBUG i.m.c.u.i.l.InternalLoggerFactory - Using SLF4J as the default logging framework
2026-07-11 19:48:40 DEBUG o.s.b.f.s.DefaultListableBeanFactory - Creating shared instance of singleton bean 'propertiesMeterFilter'
2026-07-11 19:48:40 DEBUG o.s.b.f.s.DefaultListableBeanFactory - Creating shared instance of singleton bean 'management.metrics-org.springframework.boot.micrometer.metrics.autoconfigure.MetricsProperties'
2026-07-11 19:48:40 DEBUG o.s.b.f.s.DefaultListableBeanFactory - Autowiring by type from bean name 'propertiesMeterFilter' via factory method to bean named 'management.metrics-org.springframework.boot.micrometer.metrics.autoconfigure.MetricsProperties'
2026-07-11 19:48:40 DEBUG o.s.b.f.s.DefaultListableBeanFactory - Creating shared instance of singleton bean 'metricsHttpServerUriTagFilter'
2026-07-11 19:48:40 DEBUG o.s.b.f.s.DefaultListableBeanFactory - Creating shared instance of singleton bean 'org.springframework.boot.webmvc.autoconfigure.WebMvcObservationAutoConfiguration$MeterFilterConfiguration'
2026-07-11 19:48:40 DEBUG o.s.b.f.s.DefaultListableBeanFactory - Creating shared instance of singleton bean 'management.observations-org.springframework.boot.micrometer.observation.autoconfigure.ObservationProperties'
2026-07-11 19:48:40 DEBUG o.s.b.f.s.DefaultListableBeanFactory - Autowiring by type from bean name 'metricsHttpServerUriTagFilter' via factory method to bean named 'management.observations-org.springframework.boot.micrometer.observation.autoconfigure.ObservationProperties'
2026-07-11 19:48:40 DEBUG o.s.b.f.s.DefaultListableBeanFactory - Autowiring by type from bean name 'metricsHttpServerUriTagFilter' via factory method to bean named 'management.metrics-org.springframework.boot.micrometer.metrics.autoconfigure.MetricsProperties'
2026-07-11 19:48:40 DEBUG o.s.b.f.s.DefaultListableBeanFactory - Autowiring by type from bean name 'metricsEndpoint' via factory method to bean named 'simpleMeterRegistry'
2026-07-11 19:48:40 DEBUG o.s.b.f.s.DefaultListableBeanFactory - Creating shared instance of singleton bean 'org.springframework.boot.autoconfigure.info.ProjectInfoAutoConfiguration'
2026-07-11 19:48:40 DEBUG o.s.b.f.s.DefaultListableBeanFactory - Creating shared instance of singleton bean 'spring.info-org.springframework.boot.autoconfigure.info.ProjectInfoProperties'
2026-07-11 19:48:40 DEBUG o.s.b.f.s.DefaultListableBeanFactory - Autowiring by type from bean name 'org.springframework.boot.autoconfigure.info.ProjectInfoAutoConfiguration' via constructor to bean named 'spring.info-org.springframework.boot.autoconfigure.info.ProjectInfoProperties'
2026-07-11 19:48:40 DEBUG o.s.b.f.s.DefaultListableBeanFactory - Creating shared instance of singleton bean 'management.info-org.springframework.boot.actuate.autoconfigure.info.InfoContributorProperties'
2026-07-11 19:48:40 DEBUG o.s.b.f.s.DefaultListableBeanFactory - Creating shared instance of singleton bean 'org.springframework.boot.actuate.autoconfigure.logging.LogFileWebEndpointAutoConfiguration'
2026-07-11 19:48:40 DEBUG o.s.b.f.s.DefaultListableBeanFactory - Creating shared instance of singleton bean 'management.endpoint.logfile-org.springframework.boot.actuate.autoconfigure.logging.LogFileWebEndpointProperties'
2026-07-11 19:48:40 DEBUG o.s.b.f.s.DefaultListableBeanFactory - Creating shared instance of singleton bean 'org.springframework.boot.actuate.autoconfigure.web.exchanges.HttpExchangesEndpointAutoConfiguration'
2026-07-11 19:48:40 DEBUG o.s.b.f.s.DefaultListableBeanFactory - Creating shared instance of singleton bean 'org.springframework.boot.autoconfigure.aop.AopAutoConfiguration$AspectJAutoProxyingConfiguration$CglibAutoProxyConfiguration'
2026-07-11 19:48:40 DEBUG o.s.b.f.s.DefaultListableBeanFactory - Creating shared instance of singleton bean 'org.springframework.boot.autoconfigure.aop.AopAutoConfiguration$AspectJAutoProxyingConfiguration'
2026-07-11 19:48:40 DEBUG o.s.b.f.s.DefaultListableBeanFactory - Creating shared instance of singleton bean 'org.springframework.boot.autoconfigure.aop.AopAutoConfiguration'
2026-07-11 19:48:40 DEBUG o.s.b.f.s.DefaultListableBeanFactory - Creating shared instance of singleton bean 'org.springframework.boot.autoconfigure.context.ConfigurationPropertiesAutoConfiguration'
2026-07-11 19:48:40 DEBUG o.s.b.f.s.DefaultListableBeanFactory - Creating shared instance of singleton bean 'org.springframework.boot.autoconfigure.context.LifecycleAutoConfiguration'
2026-07-11 19:48:40 DEBUG o.s.b.f.s.DefaultListableBeanFactory - Creating shared instance of singleton bean 'lifecycleProcessor'
2026-07-11 19:48:40 DEBUG o.s.b.f.s.DefaultListableBeanFactory - Creating shared instance of singleton bean 'spring.lifecycle-org.springframework.boot.autoconfigure.context.LifecycleProperties'
2026-07-11 19:48:40 DEBUG o.s.b.f.s.DefaultListableBeanFactory - Autowiring by type from bean name 'lifecycleProcessor' via factory method to bean named 'spring.lifecycle-org.springframework.boot.autoconfigure.context.LifecycleProperties'
2026-07-11 19:48:40 DEBUG o.s.b.f.s.DefaultListableBeanFactory - Creating shared instance of singleton bean 'org.springframework.boot.autoconfigure.task.TaskSchedulingConfigurations$ThreadPoolTaskSchedulerBuilderConfiguration'
2026-07-11 19:48:40 DEBUG o.s.b.f.s.DefaultListableBeanFactory - Creating shared instance of singleton bean 'threadPoolTaskSchedulerBuilder'
2026-07-11 19:48:40 DEBUG o.s.b.f.s.DefaultListableBeanFactory - Creating shared instance of singleton bean 'spring.task.scheduling-org.springframework.boot.autoconfigure.task.TaskSchedulingProperties'
2026-07-11 19:48:40 DEBUG o.s.b.f.s.DefaultListableBeanFactory - Autowiring by type from bean name 'threadPoolTaskSchedulerBuilder' via factory method to bean named 'spring.task.scheduling-org.springframework.boot.autoconfigure.task.TaskSchedulingProperties'
2026-07-11 19:48:40 DEBUG o.s.b.f.s.DefaultListableBeanFactory - Creating shared instance of singleton bean 'org.springframework.boot.autoconfigure.task.TaskSchedulingConfigurations$SimpleAsyncTaskSchedulerBuilderConfiguration'
2026-07-11 19:48:40 DEBUG o.s.b.f.s.DefaultListableBeanFactory - Autowiring by type from bean name 'org.springframework.boot.autoconfigure.task.TaskSchedulingConfigurations$SimpleAsyncTaskSchedulerBuilderConfiguration' via constructor to bean named 'spring.task.scheduling-org.springframework.boot.autoconfigure.task.TaskSchedulingProperties'
2026-07-11 19:48:40 DEBUG o.s.b.f.s.DefaultListableBeanFactory - Creating shared instance of singleton bean 'simpleAsyncTaskSchedulerBuilder'
2026-07-11 19:48:40 DEBUG o.s.b.f.s.DefaultListableBeanFactory - Creating shared instance of singleton bean 'org.springframework.boot.autoconfigure.task.TaskSchedulingAutoConfiguration'
2026-07-11 19:48:40 DEBUG o.s.b.f.s.DefaultListableBeanFactory - Creating shared instance of singleton bean 'meterRegistryCloser'
2026-07-11 19:48:40 DEBUG o.s.b.f.s.DefaultListableBeanFactory - Autowiring by type from bean name 'meterRegistryCloser' via factory method to bean named 'org.springframework.web.context.support.GenericWebApplicationContext@65b66b08'
2026-07-11 19:48:40 DEBUG o.s.b.f.s.DefaultListableBeanFactory - Autowiring by type from bean name 'meterRegistryCloser' via factory method to bean named 'management.metrics-org.springframework.boot.micrometer.metrics.autoconfigure.MetricsProperties'
2026-07-11 19:48:40 DEBUG o.s.b.f.s.DefaultListableBeanFactory - Creating shared instance of singleton bean 'metricsObservationHandlerGroup'
2026-07-11 19:48:40 DEBUG o.s.b.f.s.DefaultListableBeanFactory - Creating shared instance of singleton bean 'defaultMeterObservationHandler'
2026-07-11 19:48:40 DEBUG o.s.b.f.s.DefaultListableBeanFactory - Autowiring by type from bean name 'defaultMeterObservationHandler' via factory method to bean named 'micrometerClock'
2026-07-11 19:48:40 DEBUG o.s.b.f.s.DefaultListableBeanFactory - Autowiring by type from bean name 'defaultMeterObservationHandler' via factory method to bean named 'management.metrics-org.springframework.boot.micrometer.metrics.autoconfigure.MetricsProperties'
2026-07-11 19:48:40 DEBUG o.s.b.f.s.DefaultListableBeanFactory - Creating shared instance of singleton bean 'org.springframework.boot.micrometer.metrics.autoconfigure.CompositeMeterRegistryAutoConfiguration'
2026-07-11 19:48:40 DEBUG o.s.b.f.s.DefaultListableBeanFactory - Creating shared instance of singleton bean 'org.springframework.data.web.config.ProjectingArgumentResolverRegistrar'
2026-07-11 19:48:40 DEBUG o.s.b.f.s.DefaultListableBeanFactory - Creating shared instance of singleton bean 'offsetResolver'
2026-07-11 19:48:40 DEBUG o.s.b.f.s.DefaultListableBeanFactory - Creating shared instance of singleton bean 'org.springframework.boot.transaction.jta.autoconfigure.JtaAutoConfiguration'
2026-07-11 19:48:40 DEBUG o.s.b.f.s.DefaultListableBeanFactory - Creating shared instance of singleton bean 'org.springframework.boot.jdbc.autoconfigure.DataSourcePoolMetadataProvidersConfiguration'
2026-07-11 19:48:40 DEBUG o.s.b.f.s.DefaultListableBeanFactory - Creating shared instance of singleton bean 'org.springframework.boot.jdbc.autoconfigure.DataSourceAutoConfiguration'
2026-07-11 19:48:40 DEBUG o.s.b.f.s.DefaultListableBeanFactory - Creating shared instance of singleton bean 'org.springframework.boot.transaction.autoconfigure.TransactionManagerCustomizationAutoConfiguration'
2026-07-11 19:48:40 DEBUG o.s.b.f.s.DefaultListableBeanFactory - Creating shared instance of singleton bean 'platformTransactionManagerCustomizers'
2026-07-11 19:48:40 DEBUG o.s.b.f.s.DefaultListableBeanFactory - Creating shared instance of singleton bean 'transactionExecutionListeners'
2026-07-11 19:48:40 DEBUG o.s.b.f.s.DefaultListableBeanFactory - Creating shared instance of singleton bean 'spring.transaction-org.springframework.boot.transaction.autoconfigure.TransactionProperties'
2026-07-11 19:48:40 DEBUG o.s.b.f.s.DefaultListableBeanFactory - Creating shared instance of singleton bean 'org.springframework.boot.jpa.autoconfigure.JpaBaseConfiguration$PersistenceManagedTypesConfiguration'
2026-07-11 19:48:40 DEBUG o.s.b.f.s.DefaultListableBeanFactory - Creating shared instance of singleton bean 'transactionManager'
2026-07-11 19:48:40 DEBUG o.s.b.f.s.DefaultListableBeanFactory - Creating shared instance of singleton bean 'org.springframework.boot.hibernate.autoconfigure.HibernateJpaAutoConfiguration'
2026-07-11 19:48:40 DEBUG o.s.b.f.s.DefaultListableBeanFactory - Creating shared instance of singleton bean 'org.springframework.boot.data.jpa.autoconfigure.DataJpaRepositoriesAutoConfiguration'
2026-07-11 19:48:40 DEBUG o.s.b.f.s.DefaultListableBeanFactory - Creating shared instance of singleton bean 'eagerJpaMetamodelCacheCleanup'
2026-07-11 19:48:40 DEBUG o.s.b.f.s.DefaultListableBeanFactory - Creating shared instance of singleton bean 'org.springframework.data.jpa.util.JpaMetamodelCacheCleanup'
2026-07-11 19:48:40 DEBUG o.s.b.f.s.DefaultListableBeanFactory - Creating shared instance of singleton bean 'org.springframework.data.jpa.repository.support.JpaEvaluationContextExtension'
2026-07-11 19:48:40 DEBUG o.s.b.f.s.DefaultListableBeanFactory - Creating shared instance of singleton bean 'data-jpa.repository-aot-processor#0'
2026-07-11 19:48:40 DEBUG o.s.b.f.s.DefaultListableBeanFactory - Creating shared instance of singleton bean 'org.springframework.boot.health.autoconfigure.application.AvailabilityHealthContributorAutoConfiguration'
2026-07-11 19:48:40 DEBUG o.s.b.f.s.DefaultListableBeanFactory - Creating shared instance of singleton bean 'healthEndpointGroupMembershipValidator'
2026-07-11 19:48:40 DEBUG o.s.b.f.s.DefaultListableBeanFactory - Autowiring by type from bean name 'healthEndpointGroupMembershipValidator' via factory method to bean named 'management.endpoint.health-org.springframework.boot.health.autoconfigure.actuate.endpoint.HealthEndpointProperties'
2026-07-11 19:48:40 DEBUG o.s.b.f.s.DefaultListableBeanFactory - Autowiring by type from bean name 'healthEndpointGroupMembershipValidator' via factory method to bean named 'healthContributorRegistry'
2026-07-11 19:48:40 DEBUG o.s.b.f.s.DefaultListableBeanFactory - Creating shared instance of singleton bean 'org.springframework.boot.health.autoconfigure.actuate.endpoint.HealthEndpointAutoConfiguration'
2026-07-11 19:48:40 DEBUG o.s.b.f.s.DefaultListableBeanFactory - Creating shared instance of singleton bean 'org.springframework.boot.http.converter.autoconfigure.JacksonHttpMessageConvertersConfiguration'
2026-07-11 19:48:40 DEBUG o.s.b.f.s.DefaultListableBeanFactory - Creating shared instance of singleton bean 'org.springframework.boot.http.converter.autoconfigure.Jackson2HttpMessageConvertersConfiguration'
2026-07-11 19:48:40 DEBUG o.s.b.f.s.DefaultListableBeanFactory - Creating shared instance of singleton bean 'clientConvertersCustomizer'
2026-07-11 19:48:40 DEBUG o.s.b.f.s.DefaultListableBeanFactory - Creating shared instance of singleton bean 'org.springframework.boot.jdbc.autoconfigure.JdbcTemplateConfiguration'
2026-07-11 19:48:40 DEBUG o.s.b.f.s.DefaultListableBeanFactory - Creating shared instance of singleton bean 'jdbcTemplate'
2026-07-11 19:48:40 DEBUG o.s.b.f.s.DefaultListableBeanFactory - Creating shared instance of singleton bean 'spring.jdbc-org.springframework.boot.jdbc.autoconfigure.JdbcProperties'
2026-07-11 19:48:40 DEBUG o.s.b.f.s.DefaultListableBeanFactory - Autowiring by type from bean name 'jdbcTemplate' via factory method to bean named 'dataSource'
2026-07-11 19:48:40 DEBUG o.s.b.f.s.DefaultListableBeanFactory - Autowiring by type from bean name 'jdbcTemplate' via factory method to bean named 'spring.jdbc-org.springframework.boot.jdbc.autoconfigure.JdbcProperties'
2026-07-11 19:48:40 DEBUG o.s.b.f.s.DefaultListableBeanFactory - Creating shared instance of singleton bean 'org.springframework.boot.jdbc.autoconfigure.NamedParameterJdbcTemplateConfiguration'
2026-07-11 19:48:40 DEBUG o.s.b.f.s.DefaultListableBeanFactory - Creating shared instance of singleton bean 'namedParameterJdbcTemplate'
2026-07-11 19:48:40 DEBUG o.s.b.f.s.DefaultListableBeanFactory - Autowiring by type from bean name 'namedParameterJdbcTemplate' via factory method to bean named 'jdbcTemplate'
2026-07-11 19:48:40 DEBUG o.s.b.f.s.DefaultListableBeanFactory - Creating shared instance of singleton bean 'org.springframework.boot.jdbc.autoconfigure.JdbcTemplateAutoConfiguration'
2026-07-11 19:48:40 DEBUG o.s.b.f.s.DefaultListableBeanFactory - Creating shared instance of singleton bean 'org.springframework.boot.jdbc.autoconfigure.JdbcClientAutoConfiguration'
2026-07-11 19:48:40 DEBUG o.s.b.f.s.DefaultListableBeanFactory - Creating shared instance of singleton bean 'jdbcClient'
2026-07-11 19:48:40 DEBUG o.s.b.f.s.DefaultListableBeanFactory - Autowiring by type from bean name 'jdbcClient' via factory method to bean named 'namedParameterJdbcTemplate'
2026-07-11 19:48:40 DEBUG o.s.b.f.s.DefaultListableBeanFactory - Creating shared instance of singleton bean 'org.springframework.boot.jdbc.autoconfigure.metrics.DataSourcePoolMetricsAutoConfiguration$HikariDataSourceMetricsConfiguration'
2026-07-11 19:48:40 DEBUG o.s.b.f.s.DefaultListableBeanFactory - Creating shared instance of singleton bean 'hikariDataSourceMeterBinder'
2026-07-11 19:48:40 DEBUG o.s.b.f.s.DefaultListableBeanFactory - Creating shared instance of singleton bean 'org.springframework.boot.jdbc.autoconfigure.metrics.DataSourcePoolMetricsAutoConfiguration$DataSourcePoolMetadataMetricsConfiguration'
2026-07-11 19:48:40 DEBUG o.s.b.f.s.DefaultListableBeanFactory - Creating shared instance of singleton bean 'dataSourcePoolMetadataMeterBinder'
2026-07-11 19:48:40 DEBUG o.s.b.f.s.DefaultListableBeanFactory - Autowiring by type from bean name 'dataSourcePoolMetadataMeterBinder' via factory method to bean named 'org.springframework.beans.factory.support.DefaultListableBeanFactory@278667fd'
2026-07-11 19:48:40 DEBUG o.s.b.f.s.DefaultListableBeanFactory - Creating shared instance of singleton bean 'org.springframework.boot.jdbc.autoconfigure.metrics.DataSourcePoolMetricsAutoConfiguration'
2026-07-11 19:48:40 DEBUG o.s.b.f.s.DefaultListableBeanFactory - Creating shared instance of singleton bean 'org.springframework.boot.micrometer.observation.autoconfigure.ObservationAutoConfiguration'
2026-07-11 19:48:40 DEBUG o.s.b.f.s.DefaultListableBeanFactory - Creating shared instance of singleton bean 'observationRegistry'
2026-07-11 19:48:40 DEBUG o.s.b.f.s.DefaultListableBeanFactory - Creating shared instance of singleton bean 'propertiesObservationFilter'
2026-07-11 19:48:40 DEBUG o.s.b.f.s.DefaultListableBeanFactory - Autowiring by type from bean name 'propertiesObservationFilter' via factory method to bean named 'management.observations-org.springframework.boot.micrometer.observation.autoconfigure.ObservationProperties'
2026-07-11 19:48:40 DEBUG o.s.b.f.s.DefaultListableBeanFactory - Creating shared instance of singleton bean 'spelValueExpressionResolver'
2026-07-11 19:48:40 DEBUG o.s.b.f.s.DefaultListableBeanFactory - Creating shared instance of singleton bean 'org.springframework.boot.micrometer.metrics.autoconfigure.jvm.JvmMetricsAutoConfiguration'
2026-07-11 19:48:40 DEBUG o.s.b.f.s.DefaultListableBeanFactory - Creating shared instance of singleton bean 'jvmGcMetrics'
2026-07-11 19:48:40 DEBUG o.s.b.f.s.DefaultListableBeanFactory - Creating shared instance of singleton bean 'jvmHeapPressureMetrics'
2026-07-11 19:48:40 DEBUG o.s.b.f.s.DefaultListableBeanFactory - Creating shared instance of singleton bean 'jvmMemoryMetrics'
2026-07-11 19:48:40 DEBUG o.s.b.f.s.DefaultListableBeanFactory - Creating shared instance of singleton bean 'jvmThreadMetrics'
2026-07-11 19:48:40 DEBUG o.s.b.f.s.DefaultListableBeanFactory - Creating shared instance of singleton bean 'classLoaderMetrics'
2026-07-11 19:48:40 DEBUG o.s.b.f.s.DefaultListableBeanFactory - Creating shared instance of singleton bean 'jvmInfoMetrics'
2026-07-11 19:48:40 DEBUG o.s.b.f.s.DefaultListableBeanFactory - Creating shared instance of singleton bean 'jvmCompilationMetrics'
2026-07-11 19:48:40 DEBUG o.s.b.f.s.DefaultListableBeanFactory - Creating shared instance of singleton bean 'org.springframework.boot.micrometer.metrics.autoconfigure.logging.logback.LogbackMetricsAutoConfiguration'
2026-07-11 19:48:40 DEBUG o.s.b.f.s.DefaultListableBeanFactory - Creating shared instance of singleton bean 'logbackMetrics'
2026-07-11 19:48:40 DEBUG o.s.b.f.s.DefaultListableBeanFactory - Creating shared instance of singleton bean 'org.springframework.boot.micrometer.metrics.autoconfigure.ssl.SslMetricsAutoConfiguration'
2026-07-11 19:48:40 DEBUG o.s.b.f.s.DefaultListableBeanFactory - Creating shared instance of singleton bean 'sslMeterBinder'
2026-07-11 19:48:40 DEBUG o.s.b.f.s.DefaultListableBeanFactory - Autowiring by type from bean name 'sslMeterBinder' via factory method to bean named 'sslBundleRegistry'
2026-07-11 19:48:40 DEBUG o.s.b.f.s.DefaultListableBeanFactory - Creating shared instance of singleton bean 'org.springframework.boot.micrometer.metrics.autoconfigure.startup.StartupTimeMetricsListenerAutoConfiguration'
2026-07-11 19:48:40 DEBUG o.s.b.f.s.DefaultListableBeanFactory - Creating shared instance of singleton bean 'startupTimeMetrics'
2026-07-11 19:48:40 DEBUG o.s.b.f.s.DefaultListableBeanFactory - Autowiring by type from bean name 'startupTimeMetrics' via factory method to bean named 'simpleMeterRegistry'
2026-07-11 19:48:40 DEBUG o.s.b.f.s.DefaultListableBeanFactory - Creating shared instance of singleton bean 'org.springframework.boot.micrometer.metrics.autoconfigure.system.SystemMetricsAutoConfiguration'
2026-07-11 19:48:40 DEBUG o.s.b.f.s.DefaultListableBeanFactory - Creating shared instance of singleton bean 'uptimeMetrics'
2026-07-11 19:48:40 DEBUG o.s.b.f.s.DefaultListableBeanFactory - Creating shared instance of singleton bean 'processorMetrics'
2026-07-11 19:48:40 DEBUG o.s.b.f.s.DefaultListableBeanFactory - Creating shared instance of singleton bean 'fileDescriptorMetrics'
2026-07-11 19:48:40 DEBUG o.s.b.f.s.DefaultListableBeanFactory - Creating shared instance of singleton bean 'diskSpaceMetrics'
2026-07-11 19:48:40 DEBUG o.s.b.f.s.DefaultListableBeanFactory - Autowiring by type from bean name 'diskSpaceMetrics' via factory method to bean named 'management.metrics-org.springframework.boot.micrometer.metrics.autoconfigure.MetricsProperties'
2026-07-11 19:48:40 DEBUG o.s.b.f.s.DefaultListableBeanFactory - Creating shared instance of singleton bean 'org.springframework.boot.micrometer.metrics.autoconfigure.task.TaskExecutorMetricsAutoConfiguration'
2026-07-11 19:48:40 DEBUG o.s.b.f.s.DefaultListableBeanFactory - Creating shared instance of singleton bean 'eagerTaskExecutorMetrics'
2026-07-11 19:48:40 DEBUG o.s.b.f.s.DefaultListableBeanFactory - Creating shared instance of singleton bean 'org.springframework.boot.micrometer.observation.autoconfigure.ScheduledTasksObservationAutoConfiguration'
2026-07-11 19:48:40 DEBUG o.s.b.f.s.DefaultListableBeanFactory - Creating shared instance of singleton bean 'observabilitySchedulingConfigurer'
2026-07-11 19:48:40 DEBUG o.s.b.f.s.DefaultListableBeanFactory - Autowiring by type from bean name 'observabilitySchedulingConfigurer' via factory method to bean named 'observationRegistry'
2026-07-11 19:48:40 DEBUG o.s.b.f.s.DefaultListableBeanFactory - Creating shared instance of singleton bean 'org.springframework.boot.persistence.autoconfigure.PersistenceExceptionTranslationAutoConfiguration'
2026-07-11 19:48:40 DEBUG o.s.b.f.s.DefaultListableBeanFactory - Creating shared instance of singleton bean 'org.springframework.boot.servlet.autoconfigure.HttpEncodingAutoConfiguration'
2026-07-11 19:48:40 DEBUG o.s.b.f.s.DefaultListableBeanFactory - Creating shared instance of singleton bean 'characterEncodingFilter'
2026-07-11 19:48:40 DEBUG o.s.b.f.s.DefaultListableBeanFactory - Creating shared instance of singleton bean 'spring.servlet.encoding-org.springframework.boot.servlet.autoconfigure.ServletEncodingProperties'
2026-07-11 19:48:40 DEBUG o.s.b.f.s.DefaultListableBeanFactory - Autowiring by type from bean name 'characterEncodingFilter' via factory method to bean named 'spring.servlet.encoding-org.springframework.boot.servlet.autoconfigure.ServletEncodingProperties'
2026-07-11 19:48:40 DEBUG o.s.b.f.s.DefaultListableBeanFactory - Creating shared instance of singleton bean 'multipartResolver'
2026-07-11 19:48:40 DEBUG o.s.b.f.s.DefaultListableBeanFactory - Creating shared instance of singleton bean 'org.springframework.boot.servlet.autoconfigure.actuate.web.ServletManagementContextAutoConfiguration'
2026-07-11 19:48:40 DEBUG o.s.b.f.s.DefaultListableBeanFactory - Creating shared instance of singleton bean 'managementServletContext'
2026-07-11 19:48:40 DEBUG o.s.b.f.s.DefaultListableBeanFactory - Autowiring by type from bean name 'managementServletContext' via factory method to bean named 'management.endpoints.web-org.springframework.boot.actuate.autoconfigure.endpoint.web.WebEndpointProperties'
2026-07-11 19:48:40 DEBUG o.s.b.f.s.DefaultListableBeanFactory - Creating shared instance of singleton bean 'org.springframework.boot.tomcat.autoconfigure.metrics.TomcatMetricsAutoConfiguration'
2026-07-11 19:48:40 DEBUG o.s.b.f.s.DefaultListableBeanFactory - Creating shared instance of singleton bean 'tomcatMetricsBinder'
2026-07-11 19:48:40 DEBUG o.s.b.f.s.DefaultListableBeanFactory - Autowiring by type from bean name 'tomcatMetricsBinder' via factory method to bean named 'simpleMeterRegistry'
2026-07-11 19:48:40 DEBUG o.s.b.f.s.DefaultListableBeanFactory - Creating shared instance of singleton bean 'org.springframework.boot.web.server.autoconfigure.servlet.ServletWebServerConfiguration'
2026-07-11 19:48:40 DEBUG o.s.b.f.s.DefaultListableBeanFactory - Creating shared instance of singleton bean 'servletWebServerFactoryCustomizer'
2026-07-11 19:48:40 DEBUG o.s.b.f.s.DefaultListableBeanFactory - Creating shared instance of singleton bean 'server-org.springframework.boot.web.server.autoconfigure.ServerProperties'
2026-07-11 19:48:40 DEBUG o.s.b.f.s.DefaultListableBeanFactory - Autowiring by type from bean name 'servletWebServerFactoryCustomizer' via factory method to bean named 'server-org.springframework.boot.web.server.autoconfigure.ServerProperties'
2026-07-11 19:48:40 DEBUG o.s.b.f.s.DefaultListableBeanFactory - Creating shared instance of singleton bean 'org.springframework.boot.tomcat.autoconfigure.servlet.TomcatServletWebServerAutoConfiguration'
2026-07-11 19:48:40 DEBUG o.s.b.f.s.DefaultListableBeanFactory - Creating shared instance of singleton bean 'server.tomcat-org.springframework.boot.tomcat.autoconfigure.TomcatServerProperties'
2026-07-11 19:48:40 DEBUG o.s.b.f.s.DefaultListableBeanFactory - Autowiring by type from bean name 'org.springframework.boot.tomcat.autoconfigure.servlet.TomcatServletWebServerAutoConfiguration' via constructor to bean named 'server.tomcat-org.springframework.boot.tomcat.autoconfigure.TomcatServerProperties'
2026-07-11 19:48:40 DEBUG o.s.b.f.s.DefaultListableBeanFactory - Creating shared instance of singleton bean 'tomcatServletWebServerFactory'
2026-07-11 19:48:40 DEBUG o.s.b.f.s.DefaultListableBeanFactory - Creating shared instance of singleton bean 'tomcatServletWebServerFactoryCustomizer'
2026-07-11 19:48:40 DEBUG o.s.b.f.s.DefaultListableBeanFactory - Autowiring by type from bean name 'tomcatServletWebServerFactoryCustomizer' via factory method to bean named 'server.tomcat-org.springframework.boot.tomcat.autoconfigure.TomcatServerProperties'
2026-07-11 19:48:40 DEBUG o.s.b.f.s.DefaultListableBeanFactory - Creating shared instance of singleton bean 'org.springframework.boot.jdbc.autoconfigure.DataSourceTransactionManagerAutoConfiguration$JdbcTransactionManagerConfiguration'
2026-07-11 19:48:40 DEBUG o.s.b.f.s.DefaultListableBeanFactory - Creating shared instance of singleton bean 'org.springframework.boot.jdbc.autoconfigure.DataSourceTransactionManagerAutoConfiguration'
2026-07-11 19:48:40 DEBUG o.s.b.f.s.DefaultListableBeanFactory - Creating shared instance of singleton bean 'org.springframework.boot.transaction.autoconfigure.TransactionAutoConfiguration$EnableTransactionManagementConfiguration$CglibAutoProxyConfiguration'
2026-07-11 19:48:40 DEBUG o.s.b.f.s.DefaultListableBeanFactory - Creating shared instance of singleton bean 'org.springframework.boot.transaction.autoconfigure.TransactionAutoConfiguration$EnableTransactionManagementConfiguration'
2026-07-11 19:48:40 DEBUG o.s.b.f.s.DefaultListableBeanFactory - Creating shared instance of singleton bean 'org.springframework.boot.transaction.autoconfigure.TransactionAutoConfiguration$TransactionTemplateConfiguration'
2026-07-11 19:48:40 DEBUG o.s.b.f.s.DefaultListableBeanFactory - Creating shared instance of singleton bean 'transactionTemplate'
2026-07-11 19:48:40 DEBUG o.s.b.f.s.DefaultListableBeanFactory - Autowiring by type from bean name 'transactionTemplate' via factory method to bean named 'transactionManager'
2026-07-11 19:48:40 DEBUG o.s.b.f.s.DefaultListableBeanFactory - Creating shared instance of singleton bean 'org.springframework.boot.transaction.autoconfigure.TransactionAutoConfiguration'
2026-07-11 19:48:40 DEBUG o.s.b.f.s.DefaultListableBeanFactory - Creating shared instance of singleton bean 'org.springframework.boot.webmvc.autoconfigure.WebMvcObservationAutoConfiguration'
2026-07-11 19:48:40 DEBUG o.s.b.f.s.DefaultListableBeanFactory - Creating shared instance of singleton bean 'webMvcObservationFilter'
2026-07-11 19:48:40 DEBUG o.s.b.f.s.DefaultListableBeanFactory - Autowiring by type from bean name 'webMvcObservationFilter' via factory method to bean named 'observationRegistry'
2026-07-11 19:48:40 DEBUG o.s.b.f.s.DefaultListableBeanFactory - Autowiring by type from bean name 'webMvcObservationFilter' via factory method to bean named 'management.observations-org.springframework.boot.micrometer.observation.autoconfigure.ObservationProperties'
2026-07-11 19:48:40 DEBUG o.s.b.f.s.DefaultListableBeanFactory - Creating shared instance of singleton bean 'org.springframework.boot.webmvc.autoconfigure.actuate.endpoint.web.WebMvcHealthEndpointExtensionAutoConfiguration'
2026-07-11 19:48:40 DEBUG o.s.b.f.s.DefaultListableBeanFactory - Creating shared instance of singleton bean 'healthEndpointWebMvcHandlerMapping'
2026-07-11 19:48:40 DEBUG o.s.b.f.s.DefaultListableBeanFactory - Autowiring by type from bean name 'healthEndpointWebMvcHandlerMapping' via factory method to bean named 'webEndpointDiscoverer'
2026-07-11 19:48:40 DEBUG o.s.b.f.s.DefaultListableBeanFactory - Autowiring by type from bean name 'healthEndpointWebMvcHandlerMapping' via factory method to bean named 'healthEndpointGroups'
2026-07-11 19:48:40 DEBUG o.s.b.f.s.DefaultListableBeanFactory - Creating shared instance of singleton bean 'org.springframework.boot.webmvc.autoconfigure.actuate.web.WebMvcEndpointManagementContextConfiguration$HealthConfiguration'
2026-07-11 19:48:40 DEBUG o.s.b.f.s.DefaultListableBeanFactory - Creating shared instance of singleton bean 'org.springframework.boot.webmvc.autoconfigure.actuate.web.WebMvcEndpointManagementContextConfiguration'
2026-07-11 19:48:40 DEBUG o.s.b.f.s.DefaultListableBeanFactory - Creating shared instance of singleton bean 'webEndpointServletHandlerMapping'
2026-07-11 19:48:40 DEBUG o.s.b.f.s.DefaultListableBeanFactory - Creating shared instance of singleton bean 'management.endpoints.web.cors-org.springframework.boot.actuate.autoconfigure.endpoint.web.CorsEndpointProperties'
2026-07-11 19:48:40 DEBUG o.s.b.f.s.DefaultListableBeanFactory - Autowiring by type from bean name 'webEndpointServletHandlerMapping' via factory method to bean named 'webEndpointDiscoverer'
2026-07-11 19:48:40 DEBUG o.s.b.f.s.DefaultListableBeanFactory - Autowiring by type from bean name 'webEndpointServletHandlerMapping' via factory method to bean named 'servletEndpointDiscoverer'
2026-07-11 19:48:40 DEBUG o.s.b.f.s.DefaultListableBeanFactory - Autowiring by type from bean name 'webEndpointServletHandlerMapping' via factory method to bean named 'controllerEndpointDiscoverer'
2026-07-11 19:48:40 DEBUG o.s.b.f.s.DefaultListableBeanFactory - Autowiring by type from bean name 'webEndpointServletHandlerMapping' via factory method to bean named 'endpointMediaTypes'
2026-07-11 19:48:40 DEBUG o.s.b.f.s.DefaultListableBeanFactory - Autowiring by type from bean name 'webEndpointServletHandlerMapping' via factory method to bean named 'management.endpoints.web.cors-org.springframework.boot.actuate.autoconfigure.endpoint.web.CorsEndpointProperties'
2026-07-11 19:48:40 DEBUG o.s.b.f.s.DefaultListableBeanFactory - Autowiring by type from bean name 'webEndpointServletHandlerMapping' via factory method to bean named 'management.endpoints.web-org.springframework.boot.actuate.autoconfigure.endpoint.web.WebEndpointProperties'
2026-07-11 19:48:40 DEBUG o.s.b.f.s.DefaultListableBeanFactory - Autowiring by type from bean name 'webEndpointServletHandlerMapping' via factory method to bean named 'environment'
2026-07-11 19:48:40 INFO  o.s.b.a.e.w.EndpointLinksResolver - Exposing 12 endpoints beneath base path '/actuator'
2026-07-11 19:48:40 DEBUG o.s.b.f.s.DefaultListableBeanFactory - Creating shared instance of singleton bean 'controllerEndpointHandlerMapping'
2026-07-11 19:48:40 DEBUG o.s.b.f.s.DefaultListableBeanFactory - Autowiring by type from bean name 'controllerEndpointHandlerMapping' via factory method to bean named 'controllerEndpointDiscoverer'
2026-07-11 19:48:40 DEBUG o.s.b.f.s.DefaultListableBeanFactory - Autowiring by type from bean name 'controllerEndpointHandlerMapping' via factory method to bean named 'management.endpoints.web.cors-org.springframework.boot.actuate.autoconfigure.endpoint.web.CorsEndpointProperties'
2026-07-11 19:48:40 DEBUG o.s.b.f.s.DefaultListableBeanFactory - Autowiring by type from bean name 'controllerEndpointHandlerMapping' via factory method to bean named 'management.endpoints.web-org.springframework.boot.actuate.autoconfigure.endpoint.web.WebEndpointProperties'
2026-07-11 19:48:40 DEBUG o.s.b.f.s.DefaultListableBeanFactory - Autowiring by type from bean name 'controllerEndpointHandlerMapping' via factory method to bean named 'propertiesEndpointAccessResolver'
2026-07-11 19:48:40 DEBUG o.s.b.f.s.DefaultListableBeanFactory - Creating shared instance of singleton bean 'servletEndpointRegistrar'
2026-07-11 19:48:40 DEBUG o.s.b.f.s.DefaultListableBeanFactory - Autowiring by type from bean name 'servletEndpointRegistrar' via factory method to bean named 'management.endpoints.web-org.springframework.boot.actuate.autoconfigure.endpoint.web.WebEndpointProperties'
2026-07-11 19:48:40 DEBUG o.s.b.f.s.DefaultListableBeanFactory - Autowiring by type from bean name 'servletEndpointRegistrar' via factory method to bean named 'servletEndpointDiscoverer'
2026-07-11 19:48:40 DEBUG o.s.b.f.s.DefaultListableBeanFactory - Autowiring by type from bean name 'servletEndpointRegistrar' via factory method to bean named 'dispatcherServletRegistration'
2026-07-11 19:48:40 DEBUG o.s.b.f.s.DefaultListableBeanFactory - Autowiring by type from bean name 'servletEndpointRegistrar' via factory method to bean named 'propertiesEndpointAccessResolver'
2026-07-11 19:48:40 DEBUG o.s.b.f.s.DefaultListableBeanFactory - Creating shared instance of singleton bean 'org.springframework.boot.actuate.autoconfigure.web.server.ManagementContextAutoConfiguration$SameManagementContextConfiguration$EnableSameManagementContextConfiguration'
2026-07-11 19:48:40 DEBUG o.s.b.f.s.DefaultListableBeanFactory - Creating shared instance of singleton bean 'org.springframework.boot.actuate.autoconfigure.web.server.ManagementContextAutoConfiguration$SameManagementContextConfiguration'
2026-07-11 19:48:40 DEBUG o.s.b.f.s.DefaultListableBeanFactory - Autowiring by type from bean name 'org.springframework.boot.actuate.autoconfigure.web.server.ManagementContextAutoConfiguration$SameManagementContextConfiguration' via constructor to bean named 'environment'
2026-07-11 19:48:40 DEBUG o.s.b.f.s.DefaultListableBeanFactory - Creating shared instance of singleton bean 'org.springframework.boot.actuate.autoconfigure.web.server.ManagementContextAutoConfiguration'
2026-07-11 19:48:40 DEBUG o.s.c.s.DefaultLifecycleProcessor - Starting beans in phase -2147483647
2026-07-11 19:48:40 DEBUG o.s.c.s.DefaultLifecycleProcessor - Successfully started bean 'springBootLoggingLifecycle'
2026-07-11 19:48:40 DEBUG o.s.c.s.DefaultLifecycleProcessor - Starting beans in phase 1073741823
2026-07-11 19:48:40 DEBUG o.s.b.a.l.ConditionEvaluationReportLogger - 


============================
CONDITIONS EVALUATION REPORT
============================


Positive matches:
-----------------

   AopAutoConfiguration matched:
      - @ConditionalOnBooleanProperty (spring.aop.auto=true) matched (OnPropertyCondition)

   AopAutoConfiguration.AspectJAutoProxyingConfiguration matched:
      - @ConditionalOnClass found required class 'org.aspectj.weaver.Advice' (OnClassCondition)

   AopAutoConfiguration.AspectJAutoProxyingConfiguration.CglibAutoProxyConfiguration matched:
      - @ConditionalOnBooleanProperty (spring.aop.proxy-target-class=true) matched (OnPropertyCondition)

   ApplicationAvailabilityAutoConfiguration#applicationAvailability matched:
      - @ConditionalOnMissingBean (types: org.springframework.boot.availability.ApplicationAvailability; SearchStrategy: all) did not find any beans (OnBeanCondition)

   AuditEventsEndpointAutoConfiguration matched:
      - @ConditionalOnAvailableEndpoint marked as exposed by a 'management.endpoints.web.exposure' property (OnAvailableEndpointCondition)

   AvailabilityHealthContributorAutoConfiguration matched:
      - @ConditionalOnClass found required class 'org.springframework.boot.health.contributor.Health' (OnClassCondition)

   AvailabilityProbesAutoConfiguration matched:
      - @ConditionalOnClass found required class 'org.springframework.boot.actuate.endpoint.annotation.Endpoint' (OnClassCondition)
      - @ConditionalOnBooleanProperty (management.endpoint.health.probes.enabled=true) matched (OnPropertyCondition)

   AvailabilityProbesAutoConfiguration#livenessStateHealthIndicator matched:
      - @ConditionalOnMissingBean (names: livenessStateHealthIndicator; SearchStrategy: all) did not find any beans (OnBeanCondition)

   AvailabilityProbesAutoConfiguration#readinessStateHealthIndicator matched:
      - @ConditionalOnMissingBean (names: readinessStateHealthIndicator; SearchStrategy: all) did not find any beans (OnBeanCondition)

   BeansEndpointAutoConfiguration matched:
      - @ConditionalOnAvailableEndpoint marked as exposed by a 'management.endpoints.web.exposure' property (OnAvailableEndpointCondition)

   BeansEndpointAutoConfiguration#beansEndpoint matched:
      - @ConditionalOnMissingBean (types: org.springframework.boot.actuate.beans.BeansEndpoint; SearchStrategy: all) did not find any beans (OnBeanCondition)

   CompositeMeterRegistryAutoConfiguration matched:
      - @ConditionalOnClass found required class 'io.micrometer.core.instrument.composite.CompositeMeterRegistry' (OnClassCondition)

   ConditionsReportEndpointAutoConfiguration matched:
      - @ConditionalOnAvailableEndpoint marked as exposed by a 'management.endpoints.web.exposure' property (OnAvailableEndpointCondition)

   ConditionsReportEndpointAutoConfiguration#conditionsReportEndpoint matched:
      - @ConditionalOnMissingBean (types: org.springframework.boot.actuate.autoconfigure.condition.ConditionsReportEndpoint; SearchStrategy: current) did not find any beans (OnBeanCondition)

   ConfigurationPropertiesReportEndpointAutoConfiguration matched:
      - @ConditionalOnAvailableEndpoint marked as exposed by a 'management.endpoints.web.exposure' property (OnAvailableEndpointCondition)

   ConfigurationPropertiesReportEndpointAutoConfiguration#configurationPropertiesReportEndpoint matched:
      - @ConditionalOnMissingBean (types: org.springframework.boot.actuate.context.properties.ConfigurationPropertiesReportEndpoint; SearchStrategy: all) did not find any beans (OnBeanCondition)

   ConfigurationPropertiesReportEndpointAutoConfiguration#configurationPropertiesReportEndpointWebExtension matched:
      - @ConditionalOnBean (types: org.springframework.boot.actuate.context.properties.ConfigurationPropertiesReportEndpoint; SearchStrategy: all) found bean 'configurationPropertiesReportEndpoint'; @ConditionalOnMissingBean (types: org.springframework.boot.actuate.context.properties.ConfigurationPropertiesReportEndpointWebExtension; SearchStrategy: all) did not find any beans (OnBeanCondition)
      - @ConditionalOnAvailableEndpoint marked as exposed by a 'management.endpoints.web.exposure' property (OnAvailableEndpointCondition)

   DataJpaRepositoriesAutoConfiguration matched:
      - @ConditionalOnClass found required class 'org.springframework.data.jpa.repository.JpaRepository' (OnClassCondition)
      - @ConditionalOnBooleanProperty (spring.data.jpa.repositories.enabled=true) matched (OnPropertyCondition)
      - @ConditionalOnBean (types: javax.sql.DataSource; SearchStrategy: all) found bean 'dataSource'; @ConditionalOnMissingBean (types: org.springframework.data.jpa.repository.support.JpaRepositoryFactoryBean,org.springframework.data.jpa.repository.config.JpaRepositoryConfigExtension; SearchStrategy: all) did not find any beans (OnBeanCondition)

   DataRepositoryMetricsAutoConfiguration matched:
      - @ConditionalOnClass found required class 'org.springframework.data.repository.Repository' (OnClassCondition)
      - @ConditionalOnBean (types: io.micrometer.core.instrument.MeterRegistry; SearchStrategy: all) found bean 'simpleMeterRegistry' (OnBeanCondition)

   DataRepositoryMetricsAutoConfiguration#metricsRepositoryMethodInvocationListener matched:
      - @ConditionalOnMissingBean (types: org.springframework.boot.data.metrics.MetricsRepositoryMethodInvocationListener; SearchStrategy: all) did not find any beans (OnBeanCondition)

   DataRepositoryMetricsAutoConfiguration#repositoryTagsProvider matched:
      - @ConditionalOnMissingBean (types: org.springframework.boot.data.metrics.RepositoryTagsProvider; SearchStrategy: all) did not find any beans (OnBeanCondition)

   DataSourceAutoConfiguration matched:
      - @ConditionalOnClass found required classes 'javax.sql.DataSource', 'org.springframework.jdbc.datasource.embedded.EmbeddedDatabaseType' (OnClassCondition)
      - @ConditionalOnMissingBean (types: io.r2dbc.spi.ConnectionFactory; SearchStrategy: all) did not find any beans (OnBeanCondition)

   DataSourceAutoConfiguration.PooledDataSourceConfiguration matched:
      - AnyNestedCondition 1 matched 1 did not; NestedCondition on DataSourceAutoConfiguration.PooledDataSourceCondition.PooledDataSourceAvailable PooledDataSource found supported DataSource; NestedCondition on DataSourceAutoConfiguration.PooledDataSourceCondition.ExplicitType @ConditionalOnProperty (spring.datasource.type) did not find property 'spring.datasource.type' (DataSourceAutoConfiguration.PooledDataSourceCondition)
      - @ConditionalOnMissingBean (types: javax.sql.DataSource,javax.sql.XADataSource; SearchStrategy: all) did not find any beans (OnBeanCondition)

   DataSourceAutoConfiguration.PooledDataSourceConfiguration#jdbcConnectionDetails matched:
      - @ConditionalOnMissingBean (types: org.springframework.boot.jdbc.autoconfigure.JdbcConnectionDetails; SearchStrategy: all) did not find any beans (OnBeanCondition)

   DataSourceConfiguration.Hikari matched:
      - @ConditionalOnClass found required class 'com.zaxxer.hikari.HikariDataSource' (OnClassCondition)
      - @ConditionalOnProperty (spring.datasource.type=com.zaxxer.hikari.HikariDataSource) matched (OnPropertyCondition)
      - @ConditionalOnMissingBean (types: javax.sql.DataSource; SearchStrategy: all) did not find any beans (OnBeanCondition)

   DataSourceHealthContributorAutoConfiguration matched:
      - @ConditionalOnClass found required classes 'org.springframework.jdbc.core.JdbcTemplate', 'org.springframework.jdbc.datasource.lookup.AbstractRoutingDataSource', 'org.springframework.boot.health.autoconfigure.contributor.ConditionalOnEnabledHealthIndicator' (OnClassCondition)
      - @ConditionalOnEnabledHealthIndicator management.health.defaults.enabled is considered true (OnEnabledHealthIndicatorCondition)
      - @ConditionalOnBean (types: javax.sql.DataSource; SearchStrategy: all) found bean 'dataSource' (OnBeanCondition)

   DataSourceHealthContributorAutoConfiguration#dbHealthContributor matched:
      - @ConditionalOnMissingBean (names: dbHealthIndicator,dbHealthContributor; SearchStrategy: all) did not find any beans (OnBeanCondition)

   DataSourceInitializationAutoConfiguration matched:
      - @ConditionalOnClass found required class 'org.springframework.jdbc.datasource.init.DatabasePopulator' (OnClassCondition)
      - SQL InitializationDatabase Initialization default value is EMBEDDED (OnSqlInitializationCondition)
      - @ConditionalOnSingleCandidate (types: javax.sql.DataSource; SearchStrategy: all) found a single bean 'dataSource'; @ConditionalOnMissingBean (types: org.springframework.boot.sql.autoconfigure.init.ApplicationScriptDatabaseInitializer; SearchStrategy: all) did not find any beans (OnBeanCondition)

   DataSourcePoolMetadataProvidersConfiguration.HikariPoolDataSourceMetadataProviderConfiguration matched:
      - @ConditionalOnClass found required class 'com.zaxxer.hikari.HikariDataSource' (OnClassCondition)

   DataSourcePoolMetricsAutoConfiguration matched:
      - @ConditionalOnClass found required classes 'javax.sql.DataSource', 'io.micrometer.core.instrument.MeterRegistry' (OnClassCondition)
      - @ConditionalOnBean (types: javax.sql.DataSource,io.micrometer.core.instrument.MeterRegistry; SearchStrategy: all) found beans 'simpleMeterRegistry', 'dataSource' (OnBeanCondition)

   DataSourcePoolMetricsAutoConfiguration.DataSourcePoolMetadataMetricsConfiguration matched:
      - @ConditionalOnBean (types: org.springframework.boot.jdbc.metadata.DataSourcePoolMetadataProvider; SearchStrategy: all) found bean 'hikariPoolDataSourceMetadataProvider' (OnBeanCondition)

   DataSourcePoolMetricsAutoConfiguration.HikariDataSourceMetricsConfiguration matched:
      - @ConditionalOnClass found required class 'com.zaxxer.hikari.HikariDataSource' (OnClassCondition)

   DataSourceTransactionManagerAutoConfiguration matched:
      - @ConditionalOnClass found required classes 'javax.sql.DataSource', 'org.springframework.jdbc.core.JdbcTemplate', 'org.springframework.transaction.TransactionManager' (OnClassCondition)

   DataSourceTransactionManagerAutoConfiguration.JdbcTransactionManagerConfiguration matched:
      - @ConditionalOnSingleCandidate (types: javax.sql.DataSource; SearchStrategy: all) found a single bean 'dataSource' (OnBeanCondition)

   DataWebAutoConfiguration matched:
      - @ConditionalOnClass found required classes 'org.springframework.data.web.PageableHandlerMethodArgumentResolver', 'org.springframework.web.servlet.config.annotation.WebMvcConfigurer' (OnClassCondition)
      - found 'session' scope (OnWebApplicationCondition)
      - @ConditionalOnMissingBean (types: org.springframework.data.web.PageableHandlerMethodArgumentResolver; SearchStrategy: all) did not find any beans (OnBeanCondition)

   DataWebAutoConfiguration#pageableCustomizer matched:
      - @ConditionalOnMissingBean (types: org.springframework.data.web.config.PageableHandlerMethodArgumentResolverCustomizer; SearchStrategy: all) did not find any beans (OnBeanCondition)

   DataWebAutoConfiguration#sortCustomizer matched:
      - @ConditionalOnMissingBean (types: org.springframework.data.web.config.SortHandlerMethodArgumentResolverCustomizer; SearchStrategy: all) did not find any beans (OnBeanCondition)

   DataWebAutoConfiguration#springDataWebSettings matched:
      - @ConditionalOnMissingBean (types: org.springframework.data.web.config.SpringDataWebSettings; SearchStrategy: all) did not find any beans (OnBeanCondition)

   DiskSpaceHealthContributorAutoConfiguration matched:
      - @ConditionalOnClass found required class 'org.springframework.boot.health.contributor.Health' (OnClassCondition)
      - @ConditionalOnEnabledHealthIndicator management.health.defaults.enabled is considered true (OnEnabledHealthIndicatorCondition)

   DiskSpaceHealthContributorAutoConfiguration#diskSpaceHealthIndicator matched:
      - @ConditionalOnMissingBean (names: diskSpaceHealthIndicator; SearchStrategy: all) did not find any beans (OnBeanCondition)

   DispatcherServletAutoConfiguration matched:
      - @ConditionalOnClass found required class 'org.springframework.web.servlet.DispatcherServlet' (OnClassCondition)
      - found 'session' scope (OnWebApplicationCondition)

   DispatcherServletAutoConfiguration.DispatcherServletConfiguration matched:
      - @ConditionalOnClass found required class 'jakarta.servlet.ServletRegistration' (OnClassCondition)
      - Default DispatcherServlet did not find dispatcher servlet beans (DispatcherServletAutoConfiguration.DefaultDispatcherServletCondition)

   DispatcherServletAutoConfiguration.DispatcherServletRegistrationConfiguration matched:
      - @ConditionalOnClass found required class 'jakarta.servlet.ServletRegistration' (OnClassCondition)
      - DispatcherServlet Registration did not find servlet registration bean (DispatcherServletAutoConfiguration.DispatcherServletRegistrationCondition)

   DispatcherServletAutoConfiguration.DispatcherServletRegistrationConfiguration#dispatcherServletRegistration matched:
      - @ConditionalOnBean (names: dispatcherServlet types: org.springframework.web.servlet.DispatcherServlet; SearchStrategy: all) found bean 'dispatcherServlet' (OnBeanCondition)

   EndpointAutoConfiguration#endpointCachingOperationInvokerAdvisor matched:
      - @ConditionalOnMissingBean (types: org.springframework.boot.actuate.endpoint.invoker.cache.CachingOperationInvokerAdvisor; SearchStrategy: all) did not find any beans (OnBeanCondition)

   EndpointAutoConfiguration#endpointOperationParameterMapper matched:
      - @ConditionalOnMissingBean (types: org.springframework.boot.actuate.endpoint.invoke.ParameterValueMapper; SearchStrategy: all) did not find any beans (OnBeanCondition)

   EndpointAutoConfiguration#propertiesEndpointAccessResolver matched:
      - @ConditionalOnMissingBean (types: org.springframework.boot.actuate.endpoint.EndpointAccessResolver; SearchStrategy: all) did not find any beans (OnBeanCondition)

   EnvironmentEndpointAutoConfiguration matched:
      - @ConditionalOnAvailableEndpoint marked as exposed by a 'management.endpoints.web.exposure' property (OnAvailableEndpointCondition)

   EnvironmentEndpointAutoConfiguration#environmentEndpoint matched:
      - @ConditionalOnMissingBean (types: org.springframework.boot.actuate.env.EnvironmentEndpoint; SearchStrategy: all) did not find any beans (OnBeanCondition)

   EnvironmentEndpointAutoConfiguration#environmentEndpointWebExtension matched:
      - @ConditionalOnBean (types: org.springframework.boot.actuate.env.EnvironmentEndpoint; SearchStrategy: all) found bean 'environmentEndpoint'; @ConditionalOnMissingBean (types: org.springframework.boot.actuate.env.EnvironmentEndpointWebExtension; SearchStrategy: all) did not find any beans (OnBeanCondition)
      - @ConditionalOnAvailableEndpoint marked as exposed by a 'management.endpoints.web.exposure' property (OnAvailableEndpointCondition)

   ErrorMvcAutoConfiguration matched:
      - @ConditionalOnClass found required classes 'jakarta.servlet.Servlet', 'org.springframework.web.servlet.DispatcherServlet' (OnClassCondition)
      - found 'session' scope (OnWebApplicationCondition)

   ErrorMvcAutoConfiguration#basicErrorController matched:
      - @ConditionalOnMissingBean (types: org.springframework.boot.webmvc.error.ErrorController; SearchStrategy: current) did not find any beans (OnBeanCondition)

   ErrorMvcAutoConfiguration#errorAttributes matched:
      - @ConditionalOnMissingBean (types: org.springframework.boot.webmvc.error.ErrorAttributes; SearchStrategy: current) did not find any beans (OnBeanCondition)

   ErrorMvcAutoConfiguration.DefaultErrorViewResolverConfiguration#conventionErrorViewResolver matched:
      - @ConditionalOnBean (types: org.springframework.web.servlet.DispatcherServlet; SearchStrategy: all) found bean 'dispatcherServlet'; @ConditionalOnMissingBean (types: org.springframework.boot.webmvc.autoconfigure.error.ErrorViewResolver; SearchStrategy: all) did not find any beans (OnBeanCondition)

   ErrorMvcAutoConfiguration.WhitelabelErrorViewConfiguration matched:
      - @ConditionalOnBooleanProperty (spring.web.error.whitelabel.enabled=true) matched (OnPropertyCondition)
      - ErrorTemplate Missing did not find error template view (ErrorMvcAutoConfiguration.ErrorTemplateMissingCondition)

   ErrorMvcAutoConfiguration.WhitelabelErrorViewConfiguration#beanNameViewResolver matched:
      - @ConditionalOnMissingBean (types: org.springframework.web.servlet.view.BeanNameViewResolver; SearchStrategy: all) did not find any beans (OnBeanCondition)

   ErrorMvcAutoConfiguration.WhitelabelErrorViewConfiguration#defaultErrorView matched:
      - @ConditionalOnMissingBean (names: error; SearchStrategy: all) did not find any beans (OnBeanCondition)

   HealthContributorAutoConfiguration#pingHealthContributor matched:
      - @ConditionalOnEnabledHealthIndicator management.health.defaults.enabled is considered true (OnEnabledHealthIndicatorCondition)

   HealthContributorRegistryAutoConfiguration#healthContributorRegistry matched:
      - @ConditionalOnMissingBean (types: org.springframework.boot.health.registry.HealthContributorRegistry; SearchStrategy: all) did not find any beans (OnBeanCondition)

   HealthEndpointAutoConfiguration matched:
      - @ConditionalOnClass found required class 'org.springframework.boot.actuate.endpoint.annotation.Endpoint' (OnClassCondition)
      - @ConditionalOnAvailableEndpoint marked as exposed by a 'management.endpoints.web.exposure' property (OnAvailableEndpointCondition)
      - @ConditionalOnBean (types: org.springframework.boot.health.registry.HealthContributorRegistry; SearchStrategy: all) found bean 'healthContributorRegistry' (OnBeanCondition)

   HealthEndpointConfiguration#healthEndpoint matched:
      - @ConditionalOnMissingBean (types: org.springframework.boot.health.actuate.endpoint.HealthEndpoint; SearchStrategy: all) did not find any beans (OnBeanCondition)

   HealthEndpointConfiguration#healthEndpointGroupMembershipValidator matched:
      - @ConditionalOnBooleanProperty (management.endpoint.health.validate-group-membership=true) matched (OnPropertyCondition)

   HealthEndpointConfiguration#healthEndpointGroups matched:
      - @ConditionalOnMissingBean (types: org.springframework.boot.health.actuate.endpoint.HealthEndpointGroups; SearchStrategy: all) did not find any beans (OnBeanCondition)

   HealthEndpointConfiguration#healthHttpCodeStatusMapper matched:
      - @ConditionalOnMissingBean (types: org.springframework.boot.health.actuate.endpoint.HttpCodeStatusMapper; SearchStrategy: all) did not find any beans (OnBeanCondition)

   HealthEndpointConfiguration#healthStatusAggregator matched:
      - @ConditionalOnMissingBean (types: org.springframework.boot.health.actuate.endpoint.StatusAggregator; SearchStrategy: all) did not find any beans (OnBeanCondition)

   HealthEndpointWebExtensionConfiguration matched:
      - found 'session' scope (OnWebApplicationCondition)
      - @ConditionalOnAvailableEndpoint marked as exposed by a 'management.endpoints.web.exposure' property (OnAvailableEndpointCondition)
      - @ConditionalOnBean (types: org.springframework.boot.health.actuate.endpoint.HealthEndpoint; SearchStrategy: all) found bean 'healthEndpoint' (OnBeanCondition)

   HealthEndpointWebExtensionConfiguration#healthEndpointWebExtension matched:
      - @ConditionalOnMissingBean (types: org.springframework.boot.health.actuate.endpoint.HealthEndpointWebExtension; SearchStrategy: all) did not find any beans (OnBeanCondition)

   HibernateJpaAutoConfiguration matched:
      - @ConditionalOnClass found required classes 'org.springframework.orm.jpa.LocalContainerEntityManagerFactoryBean', 'jakarta.persistence.EntityManager', 'org.hibernate.engine.spi.SessionImplementor' (OnClassCondition)

   HibernateJpaConfiguration matched:
      - @ConditionalOnSingleCandidate (types: javax.sql.DataSource; SearchStrategy: all) found a single bean 'dataSource' (OnBeanCondition)

   HttpEncodingAutoConfiguration matched:
      - @ConditionalOnClass found required class 'org.springframework.web.filter.CharacterEncodingFilter' (OnClassCondition)
      - found 'session' scope (OnWebApplicationCondition)
      - @ConditionalOnBooleanProperty (spring.servlet.encoding.enabled=true) matched (OnPropertyCondition)

   HttpEncodingAutoConfiguration#characterEncodingFilter matched:
      - @ConditionalOnMissingBean (types: org.springframework.web.filter.CharacterEncodingFilter; SearchStrategy: all) did not find any beans (OnBeanCondition)

   HttpExchangesEndpointAutoConfiguration matched:
      - @ConditionalOnAvailableEndpoint marked as exposed by a 'management.endpoints.web.exposure' property (OnAvailableEndpointCondition)

   HttpMessageConvertersAutoConfiguration matched:
      - @ConditionalOnClass found required class 'org.springframework.http.converter.HttpMessageConverter' (OnClassCondition)
      - NoneNestedConditions 0 matched 1 did not; NestedCondition on HttpMessageConvertersAutoConfiguration.NotReactiveWebApplicationCondition.ReactiveWebApplication did not find reactive web application classes (HttpMessageConvertersAutoConfiguration.NotReactiveWebApplicationCondition)

   HttpMessageConvertersAutoConfiguration.StringHttpMessageConverterConfiguration#stringHttpMessageConvertersCustomizer matched:
      - @ConditionalOnMissingBean (types: org.springframework.http.converter.StringHttpMessageConverter; SearchStrategy: all) did not find any beans (OnBeanCondition)

   InfoContributorAutoConfiguration#envInfoContributor matched:
      - @ConditionalOnEnabledInfoContributor management.info.env.enabled is true (OnEnabledInfoContributorCondition)

   InfoContributorAutoConfiguration#javaInfoContributor matched:
      - @ConditionalOnEnabledInfoContributor management.info.java.enabled is true (OnEnabledInfoContributorCondition)

   InfoContributorAutoConfiguration#osInfoContributor matched:
      - @ConditionalOnEnabledInfoContributor management.info.os.enabled is true (OnEnabledInfoContributorCondition)

   InfoEndpointAutoConfiguration matched:
      - @ConditionalOnAvailableEndpoint marked as exposed by a 'management.endpoints.web.exposure' property (OnAvailableEndpointCondition)

   InfoEndpointAutoConfiguration#infoEndpoint matched:
      - @ConditionalOnMissingBean (types: org.springframework.boot.actuate.info.InfoEndpoint; SearchStrategy: all) did not find any beans (OnBeanCondition)

   JacksonAutoConfiguration matched:
      - @ConditionalOnClass found required class 'tools.jackson.databind.json.JsonMapper' (OnClassCondition)

   JacksonAutoConfiguration#jacksonJsonMapper matched:
      - @ConditionalOnMissingBean (types: tools.jackson.databind.json.JsonMapper; SearchStrategy: all) did not find any beans (OnBeanCondition)

   JacksonAutoConfiguration#jsonFactory matched:
      - @ConditionalOnMissingBean (types: tools.jackson.core.json.JsonFactory; SearchStrategy: all) did not find any beans (OnBeanCondition)

   JacksonAutoConfiguration#jsonMapperBuilder matched:
      - @ConditionalOnMissingBean (types: tools.jackson.databind.json.JsonMapper$Builder; SearchStrategy: all) did not find any beans (OnBeanCondition)

   JacksonAutoConfiguration.JsonProblemDetailsConfiguration matched:
      - @ConditionalOnClass found required class 'org.springframework.http.ProblemDetail' (OnClassCondition)

   JacksonEndpointAutoConfiguration matched:
      - @ConditionalOnClass found required class 'tools.jackson.databind.json.JsonMapper' (OnClassCondition)

   JacksonEndpointAutoConfiguration#endpointJsonMapper matched:
      - @ConditionalOnBooleanProperty (management.endpoints.jackson.isolated-json-mapper=true) matched (OnPropertyCondition)

   JacksonHttpMessageConvertersConfiguration.JacksonJsonHttpMessageConverterConfiguration matched:
      - @ConditionalOnClass found required class 'tools.jackson.databind.json.JsonMapper' (OnClassCondition)
      - @ConditionalOnProperty (spring.http.converters.preferred-json-mapper=jackson) matched (OnPropertyCondition)
      - @ConditionalOnBean (types: tools.jackson.databind.json.JsonMapper; SearchStrategy: all) found bean 'jacksonJsonMapper' (OnBeanCondition)

   JacksonHttpMessageConvertersConfiguration.JacksonJsonHttpMessageConverterConfiguration#jacksonJsonHttpMessageConvertersCustomizer matched:
      - @ConditionalOnMissingBean (types: org.springframework.http.converter.json.JacksonJsonHttpMessageConverter ignored: org.springframework.hateoas.server.mvc.TypeConstrainedJacksonJsonHttpMessageConverter,org.springframework.data.rest.webmvc.alps.AlpsJacksonJsonHttpMessageConverter; SearchStrategy: all) did not find any beans (OnBeanCondition)

   JdbcClientAutoConfiguration matched:
      - @ConditionalOnSingleCandidate (types: org.springframework.jdbc.core.namedparam.NamedParameterJdbcTemplate; SearchStrategy: all) found a single bean 'namedParameterJdbcTemplate'; @ConditionalOnMissingBean (types: org.springframework.jdbc.core.simple.JdbcClient; SearchStrategy: all) did not find any beans (OnBeanCondition)

   JdbcTemplateAutoConfiguration matched:
      - @ConditionalOnClass found required classes 'javax.sql.DataSource', 'org.springframework.jdbc.core.JdbcTemplate' (OnClassCondition)
      - @ConditionalOnSingleCandidate (types: javax.sql.DataSource; SearchStrategy: all) found a single bean 'dataSource' (OnBeanCondition)

   JdbcTemplateConfiguration matched:
      - @ConditionalOnMissingBean (types: org.springframework.jdbc.core.JdbcOperations; SearchStrategy: all) did not find any beans (OnBeanCondition)

   JpaBaseConfiguration#entityManagerFactory matched:
      - @ConditionalOnMissingBean (types: org.springframework.orm.jpa.LocalContainerEntityManagerFactoryBean,jakarta.persistence.EntityManagerFactory; SearchStrategy: all) did not find any beans (OnBeanCondition)

   JpaBaseConfiguration#entityManagerFactoryBuilder matched:
      - @ConditionalOnMissingBean (types: org.springframework.boot.jpa.EntityManagerFactoryBuilder; SearchStrategy: all) did not find any beans (OnBeanCondition)

   JpaBaseConfiguration#jpaVendorAdapter matched:
      - @ConditionalOnMissingBean (types: org.springframework.orm.jpa.JpaVendorAdapter; SearchStrategy: all) did not find any beans (OnBeanCondition)

   JpaBaseConfiguration#transactionManager matched:
      - @ConditionalOnMissingBean (types: org.springframework.transaction.TransactionManager; SearchStrategy: all) did not find any beans (OnBeanCondition)

   JpaBaseConfiguration.JpaWebConfiguration matched:
      - @ConditionalOnClass found required class 'org.springframework.web.servlet.config.annotation.WebMvcConfigurer' (OnClassCondition)
      - found 'session' scope (OnWebApplicationCondition)
      - @ConditionalOnBooleanProperty (spring.jpa.open-in-view=true) matched (OnPropertyCondition)
      - @ConditionalOnMissingBean (types: org.springframework.orm.jpa.support.OpenEntityManagerInViewInterceptor,org.springframework.orm.jpa.support.OpenEntityManagerInViewFilter; SearchStrategy: all) did not find any beans (OnBeanCondition)

   JpaBaseConfiguration.PersistenceManagedTypesConfiguration matched:
      - @ConditionalOnMissingBean (types: org.springframework.orm.jpa.LocalContainerEntityManagerFactoryBean,jakarta.persistence.EntityManagerFactory; SearchStrategy: all) did not find any beans (OnBeanCondition)

   JpaBaseConfiguration.PersistenceManagedTypesConfiguration#persistenceManagedTypes matched:
      - @ConditionalOnMissingBean (types: org.springframework.orm.jpa.persistenceunit.PersistenceManagedTypes; SearchStrategy: all) did not find any beans (OnBeanCondition)

   JtaAutoConfiguration matched:
      - @ConditionalOnClass found required class 'jakarta.transaction.Transaction' (OnClassCondition)
      - @ConditionalOnBooleanProperty (spring.jta.enabled=true) matched (OnPropertyCondition)

   JvmMetricsAutoConfiguration matched:
      - @ConditionalOnClass found required class 'io.micrometer.core.instrument.MeterRegistry' (OnClassCondition)
      - @ConditionalOnBean (types: io.micrometer.core.instrument.MeterRegistry; SearchStrategy: all) found bean 'simpleMeterRegistry' (OnBeanCondition)

   JvmMetricsAutoConfiguration#classLoaderMetrics matched:
      - @ConditionalOnMissingBean (types: io.micrometer.core.instrument.binder.jvm.ClassLoaderMetrics; SearchStrategy: all) did not find any beans (OnBeanCondition)

   JvmMetricsAutoConfiguration#jvmCompilationMetrics matched:
      - @ConditionalOnMissingBean (types: io.micrometer.core.instrument.binder.jvm.JvmCompilationMetrics; SearchStrategy: all) did not find any beans (OnBeanCondition)

   JvmMetricsAutoConfiguration#jvmGcMetrics matched:
      - @ConditionalOnMissingBean (types: io.micrometer.core.instrument.binder.jvm.JvmGcMetrics; SearchStrategy: all) did not find any beans (OnBeanCondition)

   JvmMetricsAutoConfiguration#jvmHeapPressureMetrics matched:
      - @ConditionalOnMissingBean (types: io.micrometer.core.instrument.binder.jvm.JvmHeapPressureMetrics; SearchStrategy: all) did not find any beans (OnBeanCondition)

   JvmMetricsAutoConfiguration#jvmInfoMetrics matched:
      - @ConditionalOnMissingBean (types: io.micrometer.core.instrument.binder.jvm.JvmInfoMetrics; SearchStrategy: all) did not find any beans (OnBeanCondition)

   JvmMetricsAutoConfiguration#jvmMemoryMetrics matched:
      - @ConditionalOnMissingBean (types: io.micrometer.core.instrument.binder.jvm.JvmMemoryMetrics; SearchStrategy: all) did not find any beans (OnBeanCondition)

   JvmMetricsAutoConfiguration#jvmThreadMetrics matched:
      - @ConditionalOnMissingBean (types: io.micrometer.core.instrument.binder.jvm.JvmThreadMetrics; SearchStrategy: all) did not find any beans (OnBeanCondition)

   LifecycleAutoConfiguration#defaultLifecycleProcessor matched:
      - @ConditionalOnMissingBean (names: lifecycleProcessor; SearchStrategy: current) did not find any beans (OnBeanCondition)

   LogFileWebEndpointAutoConfiguration matched:
      - @ConditionalOnAvailableEndpoint marked as exposed by a 'management.endpoints.web.exposure' property (OnAvailableEndpointCondition)

   LogbackMetricsAutoConfiguration matched:
      - @ConditionalOnClass found required classes 'io.micrometer.core.instrument.MeterRegistry', 'ch.qos.logback.classic.LoggerContext', 'org.slf4j.LoggerFactory' (OnClassCondition)
      - LogbackLoggingCondition ILoggerFactory is a Logback LoggerContext (LogbackMetricsAutoConfiguration.LogbackLoggingCondition)
      - @ConditionalOnBean (types: io.micrometer.core.instrument.MeterRegistry; SearchStrategy: all) found bean 'simpleMeterRegistry' (OnBeanCondition)

   LogbackMetricsAutoConfiguration#logbackMetrics matched:
      - @ConditionalOnMissingBean (types: io.micrometer.core.instrument.binder.logging.LogbackMetrics; SearchStrategy: all) did not find any beans (OnBeanCondition)

   LoggersEndpointAutoConfiguration matched:
      - @ConditionalOnAvailableEndpoint marked as exposed by a 'management.endpoints.web.exposure' property (OnAvailableEndpointCondition)

   LoggersEndpointAutoConfiguration#loggersEndpoint matched:
      - Logging System enabled (LoggersEndpointAutoConfiguration.OnEnabledLoggingSystemCondition)
      - @ConditionalOnBean (types: org.springframework.boot.logging.LoggingSystem; SearchStrategy: all) found bean 'springBootLoggingSystem'; @ConditionalOnMissingBean (types: org.springframework.boot.actuate.logging.LoggersEndpoint; SearchStrategy: all) did not find any beans (OnBeanCondition)

   ManagementContextAutoConfiguration.SameManagementContextConfiguration matched:
      - Management Port actual port type (SAME) matched required type (OnManagementPortCondition)

   MappingsEndpointAutoConfiguration matched:
      - @ConditionalOnAvailableEndpoint marked as exposed by a 'management.endpoints.web.exposure' property (OnAvailableEndpointCondition)

   MetricsAutoConfiguration matched:
      - @ConditionalOnClass found required class 'io.micrometer.core.annotation.Timed' (OnClassCondition)

   MetricsAutoConfiguration#micrometerClock matched:
      - @ConditionalOnMissingBean (types: io.micrometer.core.instrument.Clock; SearchStrategy: all) did not find any beans (OnBeanCondition)

   MetricsEndpointAutoConfiguration matched:
      - @ConditionalOnClass found required classes 'org.springframework.boot.actuate.autoconfigure.endpoint.condition.ConditionalOnAvailableEndpoint', 'io.micrometer.core.annotation.Timed' (OnClassCondition)
      - @ConditionalOnAvailableEndpoint marked as exposed by a 'management.endpoints.web.exposure' property (OnAvailableEndpointCondition)

   MetricsEndpointAutoConfiguration#metricsEndpoint matched:
      - @ConditionalOnBean (types: io.micrometer.core.instrument.MeterRegistry; SearchStrategy: all) found bean 'simpleMeterRegistry'; @ConditionalOnMissingBean (types: org.springframework.boot.micrometer.metrics.actuate.endpoint.MetricsEndpoint; SearchStrategy: all) did not find any beans (OnBeanCondition)

   MultipartAutoConfiguration matched:
      - @ConditionalOnClass found required classes 'jakarta.servlet.Servlet', 'org.springframework.web.multipart.support.StandardServletMultipartResolver', 'jakarta.servlet.MultipartConfigElement' (OnClassCondition)
      - found 'session' scope (OnWebApplicationCondition)
      - @ConditionalOnBooleanProperty (spring.servlet.multipart.enabled=true) matched (OnPropertyCondition)

   MultipartAutoConfiguration#multipartConfigElement matched:
      - @ConditionalOnMissingBean (types: jakarta.servlet.MultipartConfigElement; SearchStrategy: all) did not find any beans (OnBeanCondition)

   MultipartAutoConfiguration#multipartResolver matched:
      - @ConditionalOnMissingBean (types: org.springframework.web.multipart.MultipartResolver; SearchStrategy: all) did not find any beans (OnBeanCondition)

   NamedParameterJdbcTemplateConfiguration matched:
      - @ConditionalOnSingleCandidate (types: org.springframework.jdbc.core.JdbcTemplate; SearchStrategy: all) found a single bean 'jdbcTemplate'; @ConditionalOnMissingBean (types: org.springframework.jdbc.core.namedparam.NamedParameterJdbcOperations; SearchStrategy: all) did not find any beans (OnBeanCondition)

   ObservationAutoConfiguration matched:
      - @ConditionalOnClass found required class 'io.micrometer.observation.ObservationRegistry' (OnClassCondition)

   ObservationAutoConfiguration#observationRegistry matched:
      - @ConditionalOnMissingBean (types: io.micrometer.observation.ObservationRegistry; SearchStrategy: all) did not find any beans (OnBeanCondition)

   ObservationAutoConfiguration#spelValueExpressionResolver matched:
      - @ConditionalOnMissingBean (types: io.micrometer.common.annotation.ValueExpressionResolver; SearchStrategy: all) did not find any beans (OnBeanCondition)

   PersistenceExceptionTranslationAutoConfiguration matched:
      - @ConditionalOnClass found required class 'org.springframework.dao.annotation.PersistenceExceptionTranslationPostProcessor' (OnClassCondition)

   PersistenceExceptionTranslationAutoConfiguration#persistenceExceptionTranslationPostProcessor matched:
      - @ConditionalOnBooleanProperty (spring.persistence.exceptiontranslation.enabled=true) matched (OnPropertyCondition)
      - @ConditionalOnMissingBean (types: org.springframework.dao.annotation.PersistenceExceptionTranslationPostProcessor; SearchStrategy: all) did not find any beans (OnBeanCondition)

   PropertyPlaceholderAutoConfiguration#propertySourcesPlaceholderConfigurer matched:
      - @ConditionalOnMissingBean (types: org.springframework.context.support.PropertySourcesPlaceholderConfigurer; SearchStrategy: current) did not find any beans (OnBeanCondition)

   SbomEndpointAutoConfiguration matched:
      - @ConditionalOnAvailableEndpoint marked as exposed by a 'management.endpoints.web.exposure' property (OnAvailableEndpointCondition)

   SbomEndpointAutoConfiguration#sbomEndpoint matched:
      - @ConditionalOnMissingBean (types: org.springframework.boot.actuate.sbom.SbomEndpoint; SearchStrategy: all) did not find any beans (OnBeanCondition)

   SbomEndpointAutoConfiguration#sbomEndpointWebExtension matched:
      - @ConditionalOnBean (types: org.springframework.boot.actuate.sbom.SbomEndpoint; SearchStrategy: all) found bean 'sbomEndpoint'; @ConditionalOnMissingBean (types: org.springframework.boot.actuate.sbom.SbomEndpointWebExtension; SearchStrategy: all) did not find any beans (OnBeanCondition)
      - @ConditionalOnAvailableEndpoint marked as exposed by a 'management.endpoints.web.exposure' property (OnAvailableEndpointCondition)

   ScheduledTasksEndpointAutoConfiguration matched:
      - @ConditionalOnAvailableEndpoint marked as exposed by a 'management.endpoints.web.exposure' property (OnAvailableEndpointCondition)

   ScheduledTasksEndpointAutoConfiguration#scheduledTasksEndpoint matched:
      - @ConditionalOnMissingBean (types: org.springframework.boot.actuate.scheduling.ScheduledTasksEndpoint; SearchStrategy: all) did not find any beans (OnBeanCondition)

   ScheduledTasksObservationAutoConfiguration matched:
      - @ConditionalOnClass found required class 'org.springframework.scheduling.concurrent.ThreadPoolTaskScheduler' (OnClassCondition)
      - @ConditionalOnBean (types: io.micrometer.observation.ObservationRegistry; SearchStrategy: all) found bean 'observationRegistry' (OnBeanCondition)

   ServletEndpointManagementContextConfiguration matched:
      - found 'session' scope (OnWebApplicationCondition)

   ServletManagementContextAutoConfiguration matched:
      - @ConditionalOnClass found required classes 'jakarta.servlet.Servlet', 'org.springframework.boot.actuate.autoconfigure.endpoint.web.WebEndpointProperties' (OnClassCondition)
      - found 'session' scope (OnWebApplicationCondition)

   ServletMappingsAutoConfiguration matched:
      - @ConditionalOnClass found required classes 'org.springframework.boot.actuate.autoconfigure.endpoint.condition.ConditionalOnAvailableEndpoint', 'org.springframework.boot.actuate.web.mappings.MappingsEndpoint' (OnClassCondition)
      - found 'session' scope (OnWebApplicationCondition)
      - @ConditionalOnAvailableEndpoint marked as exposed by a 'management.endpoints.web.exposure' property (OnAvailableEndpointCondition)

   SimpleMetricsExportAutoConfiguration matched:
      - @ConditionalOnEnabledMetricsExport management.simple.metrics.export.enabled is true (OnMetricsExportEnabledCondition)
      - @ConditionalOnBean (types: io.micrometer.core.instrument.Clock; SearchStrategy: all) found bean 'micrometerClock'; @ConditionalOnMissingBean (types: io.micrometer.core.instrument.MeterRegistry; SearchStrategy: all) did not find any beans (OnBeanCondition)

   SimpleMetricsExportAutoConfiguration#simpleConfig matched:
      - @ConditionalOnMissingBean (types: io.micrometer.core.instrument.simple.SimpleConfig; SearchStrategy: all) did not find any beans (OnBeanCondition)

   SslAutoConfiguration#sslBundleRegistry matched:
      - @ConditionalOnMissingBean (types: org.springframework.boot.ssl.SslBundleRegistry,org.springframework.boot.ssl.SslBundles; SearchStrategy: all) did not find any beans (OnBeanCondition)

   SslHealthContributorAutoConfiguration matched:
      - @ConditionalOnClass found required class 'org.springframework.boot.health.contributor.Health' (OnClassCondition)
      - @ConditionalOnEnabledHealthIndicator management.health.defaults.enabled is considered true (OnEnabledHealthIndicatorCondition)

   SslHealthContributorAutoConfiguration#sslHealthIndicator matched:
      - @ConditionalOnMissingBean (names: sslHealthIndicator; SearchStrategy: all) did not find any beans (OnBeanCondition)

   SslHealthContributorAutoConfiguration#sslInfo matched:
      - @ConditionalOnMissingBean (types: org.springframework.boot.info.SslInfo; SearchStrategy: all) did not find any beans (OnBeanCondition)

   SslMetricsAutoConfiguration matched:
      - @ConditionalOnClass found required class 'io.micrometer.core.instrument.MeterRegistry' (OnClassCondition)
      - @ConditionalOnBean (types: io.micrometer.core.instrument.MeterRegistry,org.springframework.boot.ssl.SslBundles; SearchStrategy: all) found beans 'sslBundleRegistry', 'simpleMeterRegistry' (OnBeanCondition)

   StartupTimeMetricsListenerAutoConfiguration matched:
      - @ConditionalOnClass found required class 'io.micrometer.core.instrument.MeterRegistry' (OnClassCondition)
      - @ConditionalOnBean (types: io.micrometer.core.instrument.MeterRegistry; SearchStrategy: all) found bean 'simpleMeterRegistry' (OnBeanCondition)

   StartupTimeMetricsListenerAutoConfiguration#startupTimeMetrics matched:
      - @ConditionalOnMissingBean (types: org.springframework.boot.micrometer.metrics.startup.StartupTimeMetricsListener; SearchStrategy: all) did not find any beans (OnBeanCondition)

   SystemMetricsAutoConfiguration matched:
      - @ConditionalOnClass found required class 'io.micrometer.core.instrument.MeterRegistry' (OnClassCondition)
      - @ConditionalOnBean (types: io.micrometer.core.instrument.MeterRegistry; SearchStrategy: all) found bean 'simpleMeterRegistry' (OnBeanCondition)

   SystemMetricsAutoConfiguration#diskSpaceMetrics matched:
      - @ConditionalOnMissingBean (types: org.springframework.boot.micrometer.metrics.system.DiskSpaceMetricsBinder; SearchStrategy: all) did not find any beans (OnBeanCondition)

   SystemMetricsAutoConfiguration#fileDescriptorMetrics matched:
      - @ConditionalOnMissingBean (types: io.micrometer.core.instrument.binder.system.FileDescriptorMetrics; SearchStrategy: all) did not find any beans (OnBeanCondition)

   SystemMetricsAutoConfiguration#processorMetrics matched:
      - @ConditionalOnMissingBean (types: io.micrometer.core.instrument.binder.system.ProcessorMetrics; SearchStrategy: all) did not find any beans (OnBeanCondition)

   SystemMetricsAutoConfiguration#uptimeMetrics matched:
      - @ConditionalOnMissingBean (types: io.micrometer.core.instrument.binder.system.UptimeMetrics; SearchStrategy: all) did not find any beans (OnBeanCondition)

   TaskExecutionAutoConfiguration matched:
      - @ConditionalOnClass found required class 'org.springframework.scheduling.concurrent.ThreadPoolTaskExecutor' (OnClassCondition)

   TaskExecutorConfigurations.AsyncConfigurerConfiguration matched:
      - @ConditionalOnMissingBean (types: org.springframework.scheduling.annotation.AsyncConfigurer; SearchStrategy: all) did not find any beans (OnBeanCondition)

   TaskExecutorConfigurations.SimpleAsyncTaskExecutorBuilderConfiguration#simpleAsyncTaskExecutorBuilder matched:
      - @ConditionalOnMissingBean (types: org.springframework.boot.task.SimpleAsyncTaskExecutorBuilder; SearchStrategy: all) did not find any beans (OnBeanCondition)
      - @ConditionalOnThreading found PLATFORM (OnThreadingCondition)

   TaskExecutorConfigurations.TaskExecutorConfiguration matched:
      - AnyNestedCondition 1 matched 1 did not; NestedCondition on TaskExecutorConfigurations.OnExecutorCondition.ModelCondition @ConditionalOnProperty (spring.task.execution.mode=force) did not find property 'spring.task.execution.mode'; NestedCondition on TaskExecutorConfigurations.OnExecutorCondition.ExecutorBeanCondition @ConditionalOnMissingBean (types: java.util.concurrent.Executor; SearchStrategy: all) did not find any beans (TaskExecutorConfigurations.OnExecutorCondition)

   TaskExecutorConfigurations.TaskExecutorConfiguration#applicationTaskExecutor matched:
      - @ConditionalOnThreading found PLATFORM (OnThreadingCondition)

   TaskExecutorConfigurations.ThreadPoolTaskExecutorBuilderConfiguration#threadPoolTaskExecutorBuilder matched:
      - @ConditionalOnMissingBean (types: org.springframework.boot.task.ThreadPoolTaskExecutorBuilder; SearchStrategy: all) did not find any beans (OnBeanCondition)

   TaskExecutorMetricsAutoConfiguration matched:
      - @ConditionalOnClass found required class 'io.micrometer.core.instrument.binder.jvm.ExecutorServiceMetrics' (OnClassCondition)
      - @ConditionalOnBean (types: java.util.concurrent.Executor,io.micrometer.core.instrument.MeterRegistry; SearchStrategy: all) found beans 'applicationTaskExecutor', 'simpleMeterRegistry' (OnBeanCondition)

   TaskSchedulingAutoConfiguration matched:
      - @ConditionalOnClass found required class 'org.springframework.scheduling.concurrent.ThreadPoolTaskScheduler' (OnClassCondition)

   TaskSchedulingConfigurations.SimpleAsyncTaskSchedulerBuilderConfiguration#simpleAsyncTaskSchedulerBuilder matched:
      - @ConditionalOnMissingBean (types: org.springframework.boot.task.SimpleAsyncTaskSchedulerBuilder; SearchStrategy: all) did not find any beans (OnBeanCondition)
      - @ConditionalOnThreading found PLATFORM (OnThreadingCondition)

   TaskSchedulingConfigurations.ThreadPoolTaskSchedulerBuilderConfiguration#threadPoolTaskSchedulerBuilder matched:
      - @ConditionalOnMissingBean (types: org.springframework.boot.task.ThreadPoolTaskSchedulerBuilder; SearchStrategy: all) did not find any beans (OnBeanCondition)

   ThreadDumpEndpointAutoConfiguration matched:
      - @ConditionalOnAvailableEndpoint marked as exposed by a 'management.endpoints.web.exposure' property (OnAvailableEndpointCondition)

   ThreadDumpEndpointAutoConfiguration#dumpEndpoint matched:
      - @ConditionalOnMissingBean (types: org.springframework.boot.actuate.management.ThreadDumpEndpoint; SearchStrategy: all) did not find any beans (OnBeanCondition)

   TomcatMetricsAutoConfiguration matched:
      - @ConditionalOnClass found required classes 'io.micrometer.core.instrument.binder.tomcat.TomcatMetrics', 'org.apache.catalina.Manager', 'io.micrometer.core.instrument.MeterRegistry' (OnClassCondition)
      - @ConditionalOnWebApplication (required) found 'session' scope (OnWebApplicationCondition)

   TomcatMetricsAutoConfiguration#tomcatMetricsBinder matched:
      - @ConditionalOnBean (types: io.micrometer.core.instrument.MeterRegistry; SearchStrategy: all) found bean 'simpleMeterRegistry'; @ConditionalOnMissingBean (types: io.micrometer.core.instrument.binder.tomcat.TomcatMetrics,org.springframework.boot.tomcat.metrics.TomcatMetricsBinder; SearchStrategy: all) did not find any beans (OnBeanCondition)

   TomcatServletWebServerAutoConfiguration matched:
      - @ConditionalOnClass found required classes 'jakarta.servlet.ServletRequest', 'org.apache.catalina.startup.Tomcat', 'org.apache.coyote.UpgradeProtocol', 'org.springframework.boot.tomcat.servlet.TomcatServletWebServerFactory' (OnClassCondition)
      - found 'session' scope (OnWebApplicationCondition)

   TomcatServletWebServerAutoConfiguration#tomcatServletWebServerFactory matched:
      - @ConditionalOnMissingBean (types: org.springframework.boot.web.server.servlet.ServletWebServerFactory; SearchStrategy: current) did not find any beans (OnBeanCondition)

   TransactionAutoConfiguration matched:
      - @ConditionalOnClass found required class 'org.springframework.transaction.PlatformTransactionManager' (OnClassCondition)

   TransactionAutoConfiguration.EnableTransactionManagementConfiguration matched:
      - @ConditionalOnBean (types: org.springframework.transaction.TransactionManager; SearchStrategy: all) found bean 'transactionManager'; @ConditionalOnMissingBean (types: org.springframework.transaction.annotation.AbstractTransactionManagementConfiguration; SearchStrategy: all) did not find any beans (OnBeanCondition)

   TransactionAutoConfiguration.EnableTransactionManagementConfiguration.CglibAutoProxyConfiguration matched:
      - @ConditionalOnBooleanProperty (spring.aop.proxy-target-class=true) matched (OnPropertyCondition)

   TransactionAutoConfiguration.TransactionTemplateConfiguration matched:
      - @ConditionalOnSingleCandidate (types: org.springframework.transaction.PlatformTransactionManager; SearchStrategy: all) found a single bean 'transactionManager' (OnBeanCondition)

   TransactionAutoConfiguration.TransactionTemplateConfiguration#transactionTemplate matched:
      - @ConditionalOnMissingBean (types: org.springframework.transaction.support.TransactionOperations; SearchStrategy: all) did not find any beans (OnBeanCondition)

   TransactionManagerCustomizationAutoConfiguration matched:
      - @ConditionalOnClass found required class 'org.springframework.transaction.PlatformTransactionManager' (OnClassCondition)

   TransactionManagerCustomizationAutoConfiguration#platformTransactionManagerCustomizers matched:
      - @ConditionalOnMissingBean (types: org.springframework.boot.transaction.autoconfigure.TransactionManagerCustomizers; SearchStrategy: all) did not find any beans (OnBeanCondition)

   ValidationAutoConfiguration matched:
      - @ConditionalOnClass found required class 'jakarta.validation.executable.ExecutableValidator' (OnClassCondition)
      - @ConditionalOnResource found location classpath:META-INF/services/jakarta.validation.spi.ValidationProvider (OnResourceCondition)

   ValidationAutoConfiguration#defaultValidator matched:
      - @ConditionalOnMissingBean (types: jakarta.validation.Validator; SearchStrategy: all) did not find any beans (OnBeanCondition)

   ValidationAutoConfiguration#methodValidationPostProcessor matched:
      - @ConditionalOnMissingBean (types: org.springframework.validation.beanvalidation.MethodValidationPostProcessor; SearchStrategy: current) did not find any beans (OnBeanCondition)

   WebEndpointAutoConfiguration matched:
      - @ConditionalOnWebApplication (required) found 'session' scope (OnWebApplicationCondition)

   WebEndpointAutoConfiguration#controllerEndpointDiscoverer matched:
      - @ConditionalOnMissingBean (types: org.springframework.boot.actuate.endpoint.web.annotation.ControllerEndpointsSupplier; SearchStrategy: all) did not find any beans (OnBeanCondition)

   WebEndpointAutoConfiguration#endpointMediaTypes matched:
      - @ConditionalOnMissingBean (types: org.springframework.boot.actuate.endpoint.web.EndpointMediaTypes; SearchStrategy: all) did not find any beans (OnBeanCondition)

   WebEndpointAutoConfiguration#pathMappedEndpoints matched:
      - @ConditionalOnMissingBean (types: org.springframework.boot.actuate.endpoint.web.PathMappedEndpoints; SearchStrategy: all) did not find any beans (OnBeanCondition)

   WebEndpointAutoConfiguration#webEndpointDiscoverer matched:
      - @ConditionalOnMissingBean (types: org.springframework.boot.actuate.endpoint.web.WebEndpointsSupplier; SearchStrategy: all) did not find any beans (OnBeanCondition)

   WebEndpointAutoConfiguration.WebEndpointServletConfiguration matched:
      - found 'session' scope (OnWebApplicationCondition)

   WebEndpointAutoConfiguration.WebEndpointServletConfiguration#servletEndpointDiscoverer matched:
      - @ConditionalOnMissingBean (types: org.springframework.boot.actuate.endpoint.web.annotation.ServletEndpointsSupplier; SearchStrategy: all) did not find any beans (OnBeanCondition)

   WebMvcAutoConfiguration matched:
      - @ConditionalOnClass found required classes 'jakarta.servlet.Servlet', 'org.springframework.web.servlet.DispatcherServlet', 'org.springframework.web.servlet.config.annotation.WebMvcConfigurer' (OnClassCondition)
      - found 'session' scope (OnWebApplicationCondition)
      - @ConditionalOnMissingBean (types: org.springframework.web.servlet.config.annotation.WebMvcConfigurationSupport; SearchStrategy: all) did not find any beans (OnBeanCondition)

   WebMvcAutoConfiguration#formContentFilter matched:
      - @ConditionalOnBooleanProperty (spring.mvc.formcontent.filter.enabled=true) matched (OnPropertyCondition)
      - @ConditionalOnMissingBean (types: org.springframework.web.filter.FormContentFilter; SearchStrategy: all) did not find any beans (OnBeanCondition)

   WebMvcAutoConfiguration.EnableWebMvcConfiguration#flashMapManager matched:
      - @ConditionalOnMissingBean (names: flashMapManager; SearchStrategy: all) did not find any beans (OnBeanCondition)

   WebMvcAutoConfiguration.EnableWebMvcConfiguration#localeResolver matched:
      - @ConditionalOnMissingBean (names: localeResolver; SearchStrategy: all) did not find any beans (OnBeanCondition)

   WebMvcAutoConfiguration.EnableWebMvcConfiguration#viewNameTranslator matched:
      - @ConditionalOnMissingBean (names: viewNameTranslator; SearchStrategy: all) did not find any beans (OnBeanCondition)

   WebMvcAutoConfiguration.WebMvcAutoConfigurationAdapter#defaultViewResolver matched:
      - @ConditionalOnMissingBean (types: org.springframework.web.servlet.view.InternalResourceViewResolver; SearchStrategy: all) did not find any beans (OnBeanCondition)

   WebMvcAutoConfiguration.WebMvcAutoConfigurationAdapter#requestContextFilter matched:
      - @ConditionalOnMissingBean (types: org.springframework.web.context.request.RequestContextListener,org.springframework.web.filter.RequestContextFilter; SearchStrategy: all) did not find any beans (OnBeanCondition)

   WebMvcAutoConfiguration.WebMvcAutoConfigurationAdapter#viewResolver matched:
      - @ConditionalOnBean (types: org.springframework.web.servlet.ViewResolver; SearchStrategy: all) found beans 'defaultViewResolver', 'beanNameViewResolver', 'mvcViewResolver'; @ConditionalOnMissingBean (names: viewResolver types: org.springframework.web.servlet.view.ContentNegotiatingViewResolver; SearchStrategy: all) did not find any beans (OnBeanCondition)

   WebMvcEndpointManagementContextConfiguration matched:
      - found 'session' scope (OnWebApplicationCondition)
      - @ConditionalOnBean (types: org.springframework.web.servlet.DispatcherServlet,org.springframework.boot.actuate.endpoint.web.WebEndpointsSupplier; SearchStrategy: all) found beans 'webEndpointDiscoverer', 'dispatcherServlet' (OnBeanCondition)

   WebMvcEndpointManagementContextConfiguration#controllerEndpointHandlerMapping matched:
      - @ConditionalOnMissingBean (types: org.springframework.boot.webmvc.actuate.endpoint.web.ControllerEndpointHandlerMapping; SearchStrategy: all) did not find any beans (OnBeanCondition)

   WebMvcEndpointManagementContextConfiguration#endpointJsonMapperWebMvcConfigurer matched:
      - @ConditionalOnBean (types: org.springframework.boot.actuate.endpoint.jackson.EndpointJsonMapper; SearchStrategy: all) found bean 'endpointJsonMapper' (OnBeanCondition)

   WebMvcEndpointManagementContextConfiguration#webEndpointServletHandlerMapping matched:
      - @ConditionalOnMissingBean (types: org.springframework.boot.webmvc.actuate.endpoint.web.WebMvcEndpointHandlerMapping; SearchStrategy: all) did not find any beans (OnBeanCondition)

   WebMvcEndpointManagementContextConfiguration.HealthConfiguration matched:
      - @ConditionalOnClass found required class 'org.springframework.boot.health.actuate.endpoint.HealthEndpoint' (OnClassCondition)

   WebMvcHealthEndpointExtensionAutoConfiguration matched:
      - @ConditionalOnClass found required class 'org.springframework.boot.health.actuate.endpoint.HealthEndpoint' (OnClassCondition)
      - found 'session' scope (OnWebApplicationCondition)
      - @ConditionalOnAvailableEndpoint marked as exposed by a 'management.endpoints.web.exposure' property (OnAvailableEndpointCondition)
      - @ConditionalOnBean (types: org.springframework.boot.health.actuate.endpoint.HealthEndpoint,org.springframework.boot.actuate.endpoint.web.WebEndpointsSupplier,org.springframework.boot.health.actuate.endpoint.HealthEndpointGroups; SearchStrategy: all) found beans 'webEndpointDiscoverer', 'healthEndpoint', 'healthEndpointGroups' (OnBeanCondition)

   WebMvcMappingsAutoConfiguration matched:
      - @ConditionalOnClass found required classes 'org.springframework.boot.actuate.autoconfigure.endpoint.condition.ConditionalOnAvailableEndpoint', 'org.springframework.web.servlet.DispatcherServlet', 'org.springframework.boot.actuate.web.mappings.MappingsEndpoint' (OnClassCondition)
      - found 'session' scope (OnWebApplicationCondition)
      - @ConditionalOnAvailableEndpoint marked as exposed by a 'management.endpoints.web.exposure' property (OnAvailableEndpointCondition)
      - @ConditionalOnBean (types: org.springframework.web.servlet.DispatcherServlet; SearchStrategy: all) found bean 'dispatcherServlet' (OnBeanCondition)

   WebMvcObservationAutoConfiguration matched:
      - @ConditionalOnClass found required classes 'org.springframework.web.servlet.DispatcherServlet', 'io.micrometer.observation.Observation', 'org.springframework.boot.micrometer.observation.autoconfigure.ObservationProperties' (OnClassCondition)
      - found 'session' scope (OnWebApplicationCondition)
      - @ConditionalOnBean (types: io.micrometer.observation.ObservationRegistry; SearchStrategy: all) found bean 'observationRegistry' (OnBeanCondition)

   WebMvcObservationAutoConfiguration#webMvcObservationFilter matched:
      - @ConditionalOnMissingBean (types: org.springframework.web.filter.ServerHttpObservationFilter; SearchStrategy: all) did not find any beans (OnBeanCondition)

   WebMvcObservationAutoConfiguration.MeterFilterConfiguration matched:
      - @ConditionalOnClass found required classes 'io.micrometer.core.instrument.MeterRegistry', 'org.springframework.boot.micrometer.metrics.autoconfigure.MetricsProperties' (OnClassCondition)
      - @ConditionalOnBean (types: io.micrometer.core.instrument.MeterRegistry; SearchStrategy: all) found bean 'simpleMeterRegistry' (OnBeanCondition)


Negative matches:
-----------------

   AopAutoConfiguration.AspectJAutoProxyingConfiguration.JdkDynamicAutoProxyConfiguration:
      Did not match:
         - @ConditionalOnBooleanProperty (spring.aop.proxy-target-class=false) did not find property 'spring.aop.proxy-target-class' (OnPropertyCondition)

   AopAutoConfiguration.ClassProxyingConfiguration:
      Did not match:
         - @ConditionalOnMissingClass found unwanted class 'org.aspectj.weaver.Advice' (OnClassCondition)

   AppOpticsMetricsExportAutoConfiguration:
      Did not match:
         - @ConditionalOnClass did not find required class 'io.micrometer.appoptics.AppOpticsMeterRegistry' (OnClassCondition)

   AtlasMetricsExportAutoConfiguration:
      Did not match:
         - @ConditionalOnClass did not find required class 'io.micrometer.atlas.AtlasMeterRegistry' (OnClassCondition)

   AuditAutoConfiguration:
      Did not match:
         - @ConditionalOnBean (types: org.springframework.boot.actuate.audit.AuditEventRepository; SearchStrategy: all) did not find any beans of type org.springframework.boot.actuate.audit.AuditEventRepository (OnBeanCondition)
      Matched:
         - @ConditionalOnBooleanProperty (management.auditevents.enabled=true) matched (OnPropertyCondition)

   AuditEventsEndpointAutoConfiguration#auditEventsEndpoint:
      Did not match:
         - @ConditionalOnBean (types: org.springframework.boot.actuate.audit.AuditEventRepository; SearchStrategy: all) did not find any beans of type org.springframework.boot.actuate.audit.AuditEventRepository (OnBeanCondition)

   AvailabilityHealthContributorAutoConfiguration#livenessStateHealthIndicator:
      Did not match:
         - @ConditionalOnBooleanProperty (management.health.livenessstate.enabled=true) did not find property 'management.health.livenessstate.enabled' (OnPropertyCondition)

   AvailabilityHealthContributorAutoConfiguration#readinessStateHealthIndicator:
      Did not match:
         - @ConditionalOnBooleanProperty (management.health.readinessstate.enabled=true) did not find property 'management.health.readinessstate.enabled' (OnPropertyCondition)

   CompositeMeterRegistryConfiguration:
      Did not match:
         - NoneNestedConditions 1 matched 1 did not; NestedCondition on CompositeMeterRegistryConfiguration.MultipleNonPrimaryMeterRegistriesCondition.SingleInjectableMeterRegistry @ConditionalOnSingleCandidate (types: io.micrometer.core.instrument.MeterRegistry; SearchStrategy: all) found a single bean 'simpleMeterRegistry'; NestedCondition on CompositeMeterRegistryConfiguration.MultipleNonPrimaryMeterRegistriesCondition.NoMeterRegistryCondition @ConditionalOnMissingBean (types: io.micrometer.core.instrument.MeterRegistry; SearchStrategy: all) found beans of type 'io.micrometer.core.instrument.MeterRegistry' simpleMeterRegistry (CompositeMeterRegistryConfiguration.MultipleNonPrimaryMeterRegistriesCondition)

   DataJpaRepositoriesAutoConfiguration#entityManagerFactoryBootstrapExecutorCustomizer:
      Did not match:
         - @ConditionalOnProperty (spring.data.jpa.repositories.bootstrap-mode=deferred) did not find property 'spring.data.jpa.repositories.bootstrap-mode' (OnPropertyCondition)

   DataSourceAutoConfiguration.EmbeddedDatabaseConfiguration:
      Did not match:
         - EmbeddedDataSource spring.datasource.url is set (DataSourceAutoConfiguration.EmbeddedDatabaseCondition)

   DataSourceCheckpointRestoreConfiguration:
      Did not match:
         - @ConditionalOnClass did not find required class 'org.crac.Resource' (OnClassCondition)

   DataSourceConfiguration.Dbcp2:
      Did not match:
         - @ConditionalOnClass did not find required class 'org.apache.commons.dbcp2.BasicDataSource' (OnClassCondition)

   DataSourceConfiguration.Generic:
      Did not match:
         - @ConditionalOnProperty (spring.datasource.type) did not find property 'spring.datasource.type' (OnPropertyCondition)

   DataSourceConfiguration.OracleUcp:
      Did not match:
         - @ConditionalOnClass did not find required classes 'oracle.ucp.jdbc.PoolDataSourceImpl', 'oracle.jdbc.OracleConnection' (OnClassCondition)

   DataSourceConfiguration.Tomcat:
      Did not match:
         - @ConditionalOnClass did not find required class 'org.apache.tomcat.jdbc.pool.DataSource' (OnClassCondition)

   DataSourceJmxConfiguration:
      Did not match:
         - @ConditionalOnBooleanProperty (spring.jmx.enabled=true) found different value in property 'spring.jmx.enabled' (OnPropertyCondition)

   DataSourcePoolMetadataProvidersConfiguration.CommonsDbcp2PoolDataSourceMetadataProviderConfiguration:
      Did not match:
         - @ConditionalOnClass did not find required class 'org.apache.commons.dbcp2.BasicDataSource' (OnClassCondition)

   DataSourcePoolMetadataProvidersConfiguration.OracleUcpPoolDataSourceMetadataProviderConfiguration:
      Did not match:
         - @ConditionalOnClass did not find required classes 'oracle.ucp.jdbc.PoolDataSource', 'oracle.jdbc.OracleConnection' (OnClassCondition)

   DataSourcePoolMetadataProvidersConfiguration.TomcatDataSourcePoolMetadataProviderConfiguration:
      Did not match:
         - @ConditionalOnClass did not find required class 'org.apache.tomcat.jdbc.pool.DataSource' (OnClassCondition)

   DataSourceTransactionManagerAutoConfiguration.JdbcTransactionManagerConfiguration#transactionManager:
      Did not match:
         - @ConditionalOnMissingBean (types: org.springframework.transaction.TransactionManager; SearchStrategy: all) found beans of type 'org.springframework.transaction.TransactionManager' transactionManager (OnBeanCondition)

   DatadogMetricsExportAutoConfiguration:
      Did not match:
         - @ConditionalOnClass did not find required class 'io.micrometer.datadog.DatadogMeterRegistry' (OnClassCondition)

   DevToolsDataSourceAutoConfiguration:
      Did not match:
         - Devtools devtools is disabled for current context. (OnEnabledDevToolsCondition)
      Matched:
         - @ConditionalOnClass found required class 'javax.sql.DataSource' (OnClassCondition)

   DevToolsR2dbcAutoConfiguration:
      Did not match:
         - @ConditionalOnClass did not find required class 'io.r2dbc.spi.ConnectionFactory' (OnClassCondition)

   DispatcherServletAutoConfiguration.DispatcherServletConfiguration#multipartResolver:
      Did not match:
         - @ConditionalOnBean (types: org.springframework.web.multipart.MultipartResolver; SearchStrategy: all) did not find any beans of type org.springframework.web.multipart.MultipartResolver (OnBeanCondition)

   DynatraceMetricsExportAutoConfiguration:
      Did not match:
         - @ConditionalOnClass did not find required class 'io.micrometer.dynatrace.DynatraceMeterRegistry' (OnClassCondition)

   ElasticMetricsExportAutoConfiguration:
      Did not match:
         - @ConditionalOnClass did not find required class 'io.micrometer.elastic.ElasticMeterRegistry' (OnClassCondition)

   GangliaMetricsExportAutoConfiguration:
      Did not match:
         - @ConditionalOnClass did not find required class 'io.micrometer.ganglia.GangliaMeterRegistry' (OnClassCondition)

   GraphiteMetricsExportAutoConfiguration:
      Did not match:
         - @ConditionalOnClass did not find required class 'io.micrometer.graphite.GraphiteMeterRegistry' (OnClassCondition)

   GsonHttpMessageConvertersConfiguration:
      Did not match:
         - @ConditionalOnClass did not find required class 'com.google.gson.Gson' (OnClassCondition)

   HealthContributorRegistryAutoConfiguration.ReactiveHealthContributorRegistryConfiguration:
      Did not match:
         - @ConditionalOnClass did not find required class 'reactor.core.publisher.Flux' (OnClassCondition)

   HealthEndpointReactiveWebExtensionConfiguration:
      Did not match:
         - did not find reactive web application classes (OnWebApplicationCondition)

   HeapDumpWebEndpointAutoConfiguration:
      Did not match:
         - @ConditionalOnAvailableEndpoint the configured access for endpoint 'heapdump' is NONE (OnAvailableEndpointCondition)

   HibernateMetricsAutoConfiguration:
      Did not match:
         - @ConditionalOnClass did not find required class 'org.hibernate.orm.micrometer.HibernateMetrics' (OnClassCondition)

   HttpExchangesEndpointAutoConfiguration#httpExchangesEndpoint:
      Did not match:
         - @ConditionalOnBean (types: org.springframework.boot.actuate.web.exchanges.HttpExchangeRepository; SearchStrategy: all) did not find any beans of type org.springframework.boot.actuate.web.exchanges.HttpExchangeRepository (OnBeanCondition)

   HumioMetricsExportAutoConfiguration:
      Did not match:
         - @ConditionalOnClass did not find required class 'io.micrometer.humio.HumioMeterRegistry' (OnClassCondition)

   InfluxMetricsExportAutoConfiguration:
      Did not match:
         - @ConditionalOnClass did not find required class 'io.micrometer.influx.InfluxMeterRegistry' (OnClassCondition)

   InfoContributorAutoConfiguration#buildInfoContributor:
      Did not match:
         - @ConditionalOnSingleCandidate (types: org.springframework.boot.info.BuildProperties; SearchStrategy: all) did not find any beans (OnBeanCondition)
      Matched:
         - @ConditionalOnEnabledInfoContributor management.info.build.enabled is true (OnEnabledInfoContributorCondition)

   InfoContributorAutoConfiguration#gitInfoContributor:
      Did not match:
         - @ConditionalOnSingleCandidate (types: org.springframework.boot.info.GitProperties; SearchStrategy: all) did not find any beans (OnBeanCondition)
      Matched:
         - @ConditionalOnEnabledInfoContributor management.info.git.enabled is true (OnEnabledInfoContributorCondition)

   InfoContributorAutoConfiguration#processInfoContributor:
      Did not match:
         - @ConditionalOnEnabledInfoContributor management.info.process.enabled is not true (OnEnabledInfoContributorCondition)

   InfoContributorAutoConfiguration#sslInfo:
      Did not match:
         - @ConditionalOnEnabledInfoContributor management.info.ssl.enabled is not true (OnEnabledInfoContributorCondition)
      Matched:
         - @ConditionalOnMissingBean (types: org.springframework.boot.info.SslInfo; SearchStrategy: all) did not find any beans (OnBeanCondition)

   InfoContributorAutoConfiguration#sslInfoContributor:
      Did not match:
         - @ConditionalOnEnabledInfoContributor management.info.ssl.enabled is not true (OnEnabledInfoContributorCondition)

   Jackson2EndpointAutoConfiguration:
      Did not match:
         - @ConditionalOnClass did not find required class 'com.fasterxml.jackson.databind.ObjectMapper' (OnClassCondition)

   Jackson2HttpMessageConvertersConfiguration.MappingJackson2HttpMessageConverterConfiguration:
      Did not match:
         - @ConditionalOnClass did not find required class 'com.fasterxml.jackson.databind.ObjectMapper' (OnClassCondition)

   Jackson2HttpMessageConvertersConfiguration.MappingJackson2XmlHttpMessageConverterConfiguration:
      Did not match:
         - @ConditionalOnClass did not find required class 'com.fasterxml.jackson.dataformat.xml.XmlMapper' (OnClassCondition)

   JacksonAutoConfiguration.CborConfiguration:
      Did not match:
         - @ConditionalOnClass did not find required class 'tools.jackson.dataformat.cbor.CBORMapper' (OnClassCondition)

   JacksonAutoConfiguration.XmlConfiguration:
      Did not match:
         - @ConditionalOnClass did not find required class 'tools.jackson.dataformat.xml.XmlMapper' (OnClassCondition)

   JacksonHttpMessageConvertersConfiguration.JacksonXmlHttpMessageConverterConfiguration:
      Did not match:
         - @ConditionalOnClass did not find required class 'tools.jackson.dataformat.xml.XmlMapper' (OnClassCondition)

   JmxAutoConfiguration:
      Did not match:
         - @ConditionalOnBooleanProperty (spring.jmx.enabled=true) found different value in property 'spring.jmx.enabled' (OnPropertyCondition)
      Matched:
         - @ConditionalOnClass found required class 'org.springframework.jmx.export.MBeanExporter' (OnClassCondition)

   JmxEndpointAutoConfiguration:
      Did not match:
         - @ConditionalOnBooleanProperty (spring.jmx.enabled=true) found different value in property 'spring.jmx.enabled' (OnPropertyCondition)

   JmxMetricsExportAutoConfiguration:
      Did not match:
         - @ConditionalOnClass did not find required class 'io.micrometer.jmx.JmxMeterRegistry' (OnClassCondition)

   JndiDataSourceAutoConfiguration:
      Did not match:
         - @ConditionalOnProperty (spring.datasource.jndi-name) did not find property 'spring.datasource.jndi-name' (OnPropertyCondition)
      Matched:
         - @ConditionalOnClass found required classes 'javax.sql.DataSource', 'org.springframework.jdbc.datasource.embedded.EmbeddedDatabaseType' (OnClassCondition)

   JndiJtaConfiguration:
      Did not match:
         - @ConditionalOnJndi JNDI environment is not available (OnJndiCondition)
      Matched:
         - @ConditionalOnClass found required class 'org.springframework.transaction.jta.JtaTransactionManager' (OnClassCondition)

   JsonbHttpMessageConvertersConfiguration:
      Did not match:
         - @ConditionalOnClass did not find required class 'jakarta.json.bind.Jsonb' (OnClassCondition)

   JvmMetricsAutoConfiguration.VirtualThreadMetricsConfiguration:
      Did not match:
         - @ConditionalOnClass did not find required class 'io.micrometer.java21.instrument.binder.jdk.VirtualThreadMetrics' (OnClassCondition)

   KairosMetricsExportAutoConfiguration:
      Did not match:
         - @ConditionalOnClass did not find required class 'io.micrometer.kairos.KairosMeterRegistry' (OnClassCondition)

   KotlinSerializationHttpMessageConvertersConfiguration:
      Did not match:
         - @ConditionalOnClass did not find required classes 'kotlinx.serialization.Serializable', 'kotlinx.serialization.json.Json' (OnClassCondition)

   LazyConnectionDataSourceConfiguration:
      Did not match:
         - @ConditionalOnProperty (spring.datasource.connection-fetch=lazy) did not find property 'spring.datasource.connection-fetch' (OnPropertyCondition)

   LocalDevToolsAutoConfiguration:
      Did not match:
         - Initialized Restarter Condition initialized without URLs (OnInitializedRestarterCondition)

   Log4J2MetricsAutoConfiguration:
      Did not match:
         - @ConditionalOnClass did not find required class 'org.apache.logging.log4j.core.LoggerContext' (OnClassCondition)

   LogFileWebEndpointAutoConfiguration#logFileWebEndpoint:
      Did not match:
         - Log File did not find logging file (LogFileWebEndpointAutoConfiguration.LogFileCondition)

   ManagementContextAutoConfiguration.DifferentManagementContextConfiguration:
      Did not match:
         - Management Port actual port type (SAME) did not match required type (DIFFERENT) (OnManagementPortCondition)

   MessageSourceAutoConfiguration:
      Did not match:
         - ResourceBundle did not find bundle with basename messages (MessageSourceAutoConfiguration.ResourceBundleCondition)

   MetricsAspectsAutoConfiguration:
      Did not match:
         - @ConditionalOnBooleanProperty (management.observations.annotations.enabled=true) did not find property 'management.observations.annotations.enabled' (OnPropertyCondition)
      Matched:
         - @ConditionalOnClass found required classes 'io.micrometer.core.instrument.MeterRegistry', 'org.aspectj.weaver.Advice' (OnClassCondition)

   NewRelicMetricsExportAutoConfiguration:
      Did not match:
         - @ConditionalOnClass did not find required class 'io.micrometer.newrelic.NewRelicMeterRegistry' (OnClassCondition)

   NoOpMeterRegistryConfiguration:
      Did not match:
         - @ConditionalOnMissingBean (types: io.micrometer.core.instrument.MeterRegistry; SearchStrategy: all) found beans of type 'io.micrometer.core.instrument.MeterRegistry' simpleMeterRegistry (OnBeanCondition)

   ObservationAutoConfiguration.ObservedAspectConfiguration:
      Did not match:
         - @ConditionalOnBooleanProperty (management.observations.annotations.enabled=true) did not find property 'management.observations.annotations.enabled' (OnPropertyCondition)
      Matched:
         - @ConditionalOnClass found required class 'org.aspectj.weaver.Advice' (OnClassCondition)

   OtlpMetricsExportAutoConfiguration:
      Did not match:
         - @ConditionalOnClass did not find required class 'io.micrometer.registry.otlp.OtlpMeterRegistry' (OnClassCondition)

   ProjectInfoAutoConfiguration#buildProperties:
      Did not match:
         - @ConditionalOnResource did not find resource '${spring.info.build.location:classpath:META-INF/build-info.properties}' (OnResourceCondition)

   ProjectInfoAutoConfiguration#gitProperties:
      Did not match:
         - GitResource did not find git info at classpath:git.properties (ProjectInfoAutoConfiguration.GitResourceAvailableCondition)

   PrometheusMetricsExportAutoConfiguration:
      Did not match:
         - @ConditionalOnClass did not find required class 'io.micrometer.prometheusmetrics.PrometheusMeterRegistry' (OnClassCondition)

   RemoteDevToolsAutoConfiguration:
      Did not match:
         - @ConditionalOnProperty (spring.devtools.remote.secret) did not find property 'spring.devtools.remote.secret' (OnPropertyCondition)
      Matched:
         - @ConditionalOnClass found required classes 'jakarta.servlet.Filter', 'org.springframework.http.server.ServerHttpRequest', 'org.springframework.boot.web.server.autoconfigure.ServerProperties' (OnClassCondition)

   ServletHttpExchangesAutoConfiguration:
      Did not match:
         - @ConditionalOnBean (types: org.springframework.boot.actuate.web.exchanges.HttpExchangeRepository; SearchStrategy: all) did not find any beans of type org.springframework.boot.actuate.web.exchanges.HttpExchangeRepository (OnBeanCondition)
      Matched:
         - found 'session' scope (OnWebApplicationCondition)
         - @ConditionalOnBooleanProperty (management.httpexchanges.recording.enabled=true) matched (OnPropertyCondition)

   ServletManagementContextAutoConfiguration.ApplicationContextFilterConfiguration:
      Did not match:
         - @ConditionalOnBooleanProperty (management.server.add-application-context-header=true) did not find property 'management.server.add-application-context-header' (OnPropertyCondition)

   ServletWebServerConfiguration#forwardedHeaderFilter:
      Did not match:
         - @ConditionalOnProperty (server.forward-headers-strategy=framework) did not find property 'server.forward-headers-strategy' (OnPropertyCondition)

   ShutdownEndpointAutoConfiguration:
      Did not match:
         - @ConditionalOnAvailableEndpoint the configured access for endpoint 'shutdown' is NONE (OnAvailableEndpointCondition)

   SpringApplicationAdminJmxAutoConfiguration:
      Did not match:
         - @ConditionalOnBooleanProperty (spring.application.admin.enabled=true) did not find property 'spring.application.admin.enabled' (OnPropertyCondition)

   StackdriverMetricsExportAutoConfiguration:
      Did not match:
         - @ConditionalOnClass did not find required class 'io.micrometer.stackdriver.StackdriverMeterRegistry' (OnClassCondition)

   StartupEndpointAutoConfiguration:
      Did not match:
         - ApplicationStartup configured applicationStartup is of type class org.springframework.core.metrics.DefaultApplicationStartup, expected BufferingApplicationStartup. (StartupEndpointAutoConfiguration.ApplicationStartupCondition)

   StatsdMetricsExportAutoConfiguration:
      Did not match:
         - @ConditionalOnClass did not find required class 'io.micrometer.statsd.StatsdMeterRegistry' (OnClassCondition)

   TaskExecutorConfigurations.AsyncConfigurerWrapperConfiguration:
      Did not match:
         - @ConditionalOnBean (types: org.springframework.scheduling.annotation.AsyncConfigurer; SearchStrategy: all) did not find any beans of type org.springframework.scheduling.annotation.AsyncConfigurer (OnBeanCondition)

   TaskExecutorConfigurations.SimpleAsyncTaskExecutorBuilderConfiguration#simpleAsyncTaskExecutorBuilderVirtualThreads:
      Did not match:
         - @ConditionalOnMissingBean (types: org.springframework.boot.task.SimpleAsyncTaskExecutorBuilder; SearchStrategy: all) found beans of type 'org.springframework.boot.task.SimpleAsyncTaskExecutorBuilder' simpleAsyncTaskExecutorBuilder (OnBeanCondition)

   TaskExecutorConfigurations.TaskExecutorConfiguration#applicationTaskExecutorVirtualThreads:
      Did not match:
         - @ConditionalOnThreading did not find VIRTUAL (OnThreadingCondition)

   TaskExecutorConfigurations.TaskExecutorContextPropagationConfiguration:
      Did not match:
         - @ConditionalOnClass did not find required class 'io.micrometer.context.ContextSnapshot' (OnClassCondition)

   TaskSchedulingAutoConfiguration#scheduledBeanLazyInitializationExcludeFilter:
      Did not match:
         - @ConditionalOnBean (names: org.springframework.scheduling.config.internalScheduledAnnotationProcessor; SearchStrategy: all) did not find any beans named org.springframework.scheduling.config.internalScheduledAnnotationProcessor (OnBeanCondition)

   TaskSchedulingConfigurations.SimpleAsyncTaskSchedulerBuilderConfiguration#simpleAsyncTaskSchedulerBuilderVirtualThreads:
      Did not match:
         - @ConditionalOnMissingBean (types: org.springframework.boot.task.SimpleAsyncTaskSchedulerBuilder; SearchStrategy: all) found beans of type 'org.springframework.boot.task.SimpleAsyncTaskSchedulerBuilder' simpleAsyncTaskSchedulerBuilder (OnBeanCondition)

   TaskSchedulingConfigurations.TaskSchedulerConfiguration:
      Did not match:
         - @ConditionalOnBean (names: org.springframework.scheduling.config.internalScheduledAnnotationProcessor; SearchStrategy: all) did not find any beans named org.springframework.scheduling.config.internalScheduledAnnotationProcessor (OnBeanCondition)

   TomcatReactiveManagementContextAutoConfiguration:
      Did not match:
         - @ConditionalOnWebApplication did not find reactive web application classes (OnWebApplicationCondition)

   TomcatReactiveWebServerAutoConfiguration:
      Did not match:
         - @ConditionalOnWebApplication did not find reactive web application classes (OnWebApplicationCondition)

   TomcatServletManagementContextAutoConfiguration:
      Did not match:
         - Management Port actual port type (SAME) did not match required type (DIFFERENT) (OnManagementPortCondition)
      Matched:
         - @ConditionalOnClass found required class 'org.springframework.boot.actuate.autoconfigure.web.server.ManagementContextFactory' (OnClassCondition)
         - found 'session' scope (OnWebApplicationCondition)

   TomcatServletWebServerAutoConfiguration#tomcatForwardedHeaderFilterCustomizer:
      Did not match:
         - @ConditionalOnProperty (server.forward-headers-strategy=framework) did not find property 'server.forward-headers-strategy' (OnPropertyCondition)

   TomcatWebServerConfiguration:
      Did not match:
         - Application is deployed as a WAR file. (OnWarDeploymentCondition)

   TransactionAutoConfiguration#transactionalOperator:
      Did not match:
         - @ConditionalOnSingleCandidate (types: org.springframework.transaction.ReactiveTransactionManager; SearchStrategy: all) did not find any beans (OnBeanCondition)

   TransactionAutoConfiguration.AspectJTransactionManagementConfiguration:
      Did not match:
         - @ConditionalOnBean (types: org.springframework.transaction.aspectj.AbstractTransactionAspect; SearchStrategy: all) did not find any beans of type org.springframework.transaction.aspectj.AbstractTransactionAspect (OnBeanCondition)

   TransactionAutoConfiguration.EnableTransactionManagementConfiguration.JdkDynamicAutoProxyConfiguration:
      Did not match:
         - @ConditionalOnBooleanProperty (spring.aop.proxy-target-class=false) did not find property 'spring.aop.proxy-target-class' (OnPropertyCondition)

   WebMvcAutoConfiguration#hiddenHttpMethodFilter:
      Did not match:
         - @ConditionalOnBooleanProperty (spring.mvc.hiddenmethod.filter.enabled=true) did not find property 'spring.mvc.hiddenmethod.filter.enabled' (OnPropertyCondition)

   WebMvcAutoConfiguration.ProblemDetailsErrorHandlingConfiguration:
      Did not match:
         - @ConditionalOnBooleanProperty (spring.mvc.problemdetails.enabled=true) did not find property 'spring.mvc.problemdetails.enabled' (OnPropertyCondition)

   WebMvcAutoConfiguration.ResourceChainCustomizerConfiguration:
      Did not match:
         - @ConditionalOnEnabledResourceChain did not find class org.webjars.WebJarVersionLocator (OnEnabledResourceChainCondition)

   WebMvcAutoConfiguration.WebMvcAutoConfigurationAdapter#beanNameViewResolver:
      Did not match:
         - @ConditionalOnMissingBean (types: org.springframework.web.servlet.view.BeanNameViewResolver; SearchStrategy: all) found beans of type 'org.springframework.web.servlet.view.BeanNameViewResolver' beanNameViewResolver (OnBeanCondition)

   WebMvcEndpointManagementContextConfiguration#endpointJackson2ObjectMapperWebMvcConfigurer:
      Did not match:
         - @ConditionalOnBean (types: org.springframework.boot.actuate.endpoint.jackson.EndpointJackson2ObjectMapper; SearchStrategy: all) did not find any beans of type org.springframework.boot.actuate.endpoint.jackson.EndpointJackson2ObjectMapper (OnBeanCondition)

   WebMvcEndpointManagementContextConfiguration.HealthConfiguration#managementHealthEndpointWebMvcHandlerMapping:
      Did not match:
         - Management Port actual port type (SAME) did not match required type (DIFFERENT) (OnManagementPortCondition)

   XADataSourceAutoConfiguration:
      Did not match:
         - @ConditionalOnBean (types: org.springframework.boot.jdbc.XADataSourceWrapper; SearchStrategy: all) did not find any beans of type org.springframework.boot.jdbc.XADataSourceWrapper (OnBeanCondition)
      Matched:
         - @ConditionalOnClass found required classes 'javax.sql.DataSource', 'jakarta.transaction.TransactionManager', 'org.springframework.jdbc.datasource.embedded.EmbeddedDatabaseType' (OnClassCondition)


Exclusions:
-----------

    None


Unconditional classes:
----------------------

    org.springframework.boot.health.autoconfigure.registry.HealthContributorRegistryAutoConfiguration

    org.springframework.boot.autoconfigure.context.ConfigurationPropertiesAutoConfiguration

    org.springframework.boot.autoconfigure.ssl.SslAutoConfiguration

    org.springframework.boot.actuate.autoconfigure.info.InfoContributorAutoConfiguration

    org.springframework.boot.autoconfigure.context.PropertyPlaceholderAutoConfiguration

    org.springframework.boot.autoconfigure.context.LifecycleAutoConfiguration

    org.springframework.boot.actuate.autoconfigure.endpoint.EndpointAutoConfiguration

    org.springframework.boot.health.autoconfigure.contributor.HealthContributorAutoConfiguration

    org.springframework.boot.autoconfigure.availability.ApplicationAvailabilityAutoConfiguration

    org.springframework.boot.autoconfigure.info.ProjectInfoAutoConfiguration

    org.springframework.boot.actuate.autoconfigure.web.server.ManagementContextAutoConfiguration



2026-07-11 19:48:40 INFO  c.s.A.ActuatorApplicationTests - Started ActuatorApplicationTests in 8.597 seconds (process running for 10.794)
2026-07-11 19:48:41 DEBUG o.s.b.a.ApplicationAvailabilityBean - Application availability state LivenessState changed to CORRECT
2026-07-11 19:48:41 DEBUG o.s.b.d.r.Restarter - Creating new Restarter for thread Thread[#3,main,5,main]
2026-07-11 19:48:41 DEBUG o.s.b.a.ApplicationAvailabilityBean - Application availability state ReadinessState changed to ACCEPTING_TRAFFIC
2026-07-11 19:48:41 DEBUG o.s.t.c.cache - Spring test ApplicationContext cache statistics: [DefaultContextCache@63f9c2cd size = 1, maxSize = 32, contextUsageCount = 0, parentContextCount = 0, hitCount = 0, missCount = 1, failureCount = 0]
2026-07-11 19:48:41 DEBUG o.s.t.c.w.ServletTestExecutionListener - Setting up MockHttpServletRequest, MockHttpServletResponse, ServletWebRequest, and RequestContextHolder for test class com.spring.Actuator.ActuatorApplicationTests
2026-07-11 19:48:41 DEBUG o.s.t.c.s.DependencyInjectionTestExecutionListener - Performing dependency injection for test class com.spring.Actuator.ActuatorApplicationTests
2026-07-11 19:48:41 DEBUG o.s.t.c.cache - Spring test ApplicationContext cache statistics: [DefaultContextCache@63f9c2cd size = 1, maxSize = 32, contextUsageCount = 1, parentContextCount = 0, hitCount = 1, missCount = 1, failureCount = 0]
2026-07-11 19:48:41 DEBUG o.s.t.c.cache - Spring test ApplicationContext cache statistics: [DefaultContextCache@63f9c2cd size = 1, maxSize = 32, contextUsageCount = 1, parentContextCount = 0, hitCount = 2, missCount = 1, failureCount = 0]
2026-07-11 19:48:41 DEBUG o.s.t.c.s.DirtiesContextBeforeModesTestExecutionListener - Before test method: class [ActuatorApplicationTests], method [createEmployeeTest], class annotated with @DirtiesContext [false] with mode [null], method annotated with @DirtiesContext [false] with mode [null]
2026-07-11 19:48:41 DEBUG o.s.t.c.cache - Spring test ApplicationContext cache statistics: [DefaultContextCache@63f9c2cd size = 1, maxSize = 32, contextUsageCount = 1, parentContextCount = 0, hitCount = 3, missCount = 1, failureCount = 0]
2026-07-11 19:48:41 DEBUG o.s.t.c.cache - Spring test ApplicationContext cache statistics: [DefaultContextCache@63f9c2cd size = 1, maxSize = 32, contextUsageCount = 1, parentContextCount = 0, hitCount = 4, missCount = 1, failureCount = 0]
2026-07-11 19:48:41 DEBUG o.s.t.c.cache - Spring test ApplicationContext cache statistics: [DefaultContextCache@63f9c2cd size = 1, maxSize = 32, contextUsageCount = 1, parentContextCount = 0, hitCount = 5, missCount = 1, failureCount = 0]
2026-07-11 19:48:41 TRACE c.s.A.c.I.EmployeeRestClientImpl - Trying To Create New Employee
2026-07-11 19:48:41 DEBUG o.s.w.c.DefaultRestClient - Writing [EmployeeDTO(id=null, name=Abhishek, email=abhisheklayek57@gmail.com, age=24, designation=Developer, dateOfJoining=2024-04-14, salary=28000.0, isActive=true)] as "application/json" with org.springframework.http.converter.json.JacksonJsonHttpMessageConverter
2026-07-11 19:48:42 DEBUG o.s.w.c.DefaultRestClient - Reading to [com.spring.Actuator.advices.ApiResponse<com.spring.Actuator.dto.EmployeeDTO>]
2026-07-11 19:48:43 INFO  c.s.A.c.I.EmployeeRestClientImpl - Employee Created Successfully
2026-07-11 19:48:43 TRACE c.s.A.c.I.EmployeeRestClientImpl - Created Employee EmployeeDTO(id=1, name=Abhishek, email=abhisheklayek57@gmail.com, age=24, designation=Developer, dateOfJoining=2024-04-14, salary=28000.0, isActive=true)
2026-07-11 19:48:43 DEBUG o.s.t.c.cache - Spring test ApplicationContext cache statistics: [DefaultContextCache@63f9c2cd size = 1, maxSize = 32, contextUsageCount = 1, parentContextCount = 0, hitCount = 6, missCount = 1, failureCount = 0]
2026-07-11 19:48:43 DEBUG o.s.t.c.cache - Spring test ApplicationContext cache statistics: [DefaultContextCache@63f9c2cd size = 1, maxSize = 32, contextUsageCount = 1, parentContextCount = 0, hitCount = 7, missCount = 1, failureCount = 0]
2026-07-11 19:48:43 DEBUG o.s.t.c.cache - Spring test ApplicationContext cache statistics: [DefaultContextCache@63f9c2cd size = 1, maxSize = 32, contextUsageCount = 1, parentContextCount = 0, hitCount = 8, missCount = 1, failureCount = 0]
2026-07-11 19:48:43 DEBUG o.s.t.c.cache - Spring test ApplicationContext cache statistics: [DefaultContextCache@63f9c2cd size = 1, maxSize = 32, contextUsageCount = 1, parentContextCount = 0, hitCount = 9, missCount = 1, failureCount = 0]
2026-07-11 19:48:43 DEBUG o.s.t.c.cache - Spring test ApplicationContext cache statistics: [DefaultContextCache@63f9c2cd size = 1, maxSize = 32, contextUsageCount = 1, parentContextCount = 0, hitCount = 10, missCount = 1, failureCount = 0]
2026-07-11 19:48:43 DEBUG o.s.t.c.s.DirtiesContextTestExecutionListener - After test method: class [ActuatorApplicationTests], method [createEmployeeTest], class annotated with @DirtiesContext [false] with mode [null], method annotated with @DirtiesContext [false] with mode [null]
2026-07-11 19:48:43 DEBUG o.s.t.c.w.ServletTestExecutionListener - Resetting RequestContextHolder for test class com.spring.Actuator.ActuatorApplicationTests
2026-07-11 19:48:43 DEBUG o.s.t.c.cache - Spring test ApplicationContext cache statistics: [DefaultContextCache@63f9c2cd size = 1, maxSize = 32, contextUsageCount = 1, parentContextCount = 0, hitCount = 11, missCount = 1, failureCount = 0]
2026-07-11 19:48:43 DEBUG o.s.t.c.w.ServletTestExecutionListener - Setting up MockHttpServletRequest, MockHttpServletResponse, ServletWebRequest, and RequestContextHolder for test class com.spring.Actuator.ActuatorApplicationTests
2026-07-11 19:48:43 DEBUG o.s.t.c.s.DependencyInjectionTestExecutionListener - Performing dependency injection for test class com.spring.Actuator.ActuatorApplicationTests
2026-07-11 19:48:43 DEBUG o.s.t.c.cache - Spring test ApplicationContext cache statistics: [DefaultContextCache@63f9c2cd size = 1, maxSize = 32, contextUsageCount = 1, parentContextCount = 0, hitCount = 12, missCount = 1, failureCount = 0]
2026-07-11 19:48:43 DEBUG o.s.t.c.cache - Spring test ApplicationContext cache statistics: [DefaultContextCache@63f9c2cd size = 1, maxSize = 32, contextUsageCount = 1, parentContextCount = 0, hitCount = 13, missCount = 1, failureCount = 0]
2026-07-11 19:48:43 DEBUG o.s.t.c.s.DirtiesContextBeforeModesTestExecutionListener - Before test method: class [ActuatorApplicationTests], method [getEmployeeByIdTest], class annotated with @DirtiesContext [false] with mode [null], method annotated with @DirtiesContext [false] with mode [null]
2026-07-11 19:48:43 DEBUG o.s.t.c.cache - Spring test ApplicationContext cache statistics: [DefaultContextCache@63f9c2cd size = 1, maxSize = 32, contextUsageCount = 1, parentContextCount = 0, hitCount = 14, missCount = 1, failureCount = 0]
2026-07-11 19:48:43 DEBUG o.s.t.c.cache - Spring test ApplicationContext cache statistics: [DefaultContextCache@63f9c2cd size = 1, maxSize = 32, contextUsageCount = 1, parentContextCount = 0, hitCount = 15, missCount = 1, failureCount = 0]
2026-07-11 19:48:43 DEBUG o.s.t.c.cache - Spring test ApplicationContext cache statistics: [DefaultContextCache@63f9c2cd size = 1, maxSize = 32, contextUsageCount = 1, parentContextCount = 0, hitCount = 16, missCount = 1, failureCount = 0]
2026-07-11 19:48:43 TRACE c.s.A.c.I.EmployeeRestClientImpl - Trying To Retrieve Employee With Id 1
2026-07-11 19:48:43 DEBUG o.s.w.c.DefaultRestClient - Reading to [com.spring.Actuator.advices.ApiResponse<com.spring.Actuator.dto.EmployeeDTO>]
2026-07-11 19:48:43 INFO  c.s.A.c.I.EmployeeRestClientImpl - Successfully Retrieved Employee With Id 1
2026-07-11 19:48:43 TRACE c.s.A.c.I.EmployeeRestClientImpl - Retrieved Employee EmployeeDTO(id=1, name=Abhishek, email=abhisheklayek57@gmail.com, age=24, designation=Developer, dateOfJoining=2024-04-14, salary=28000.0, isActive=true)
2026-07-11 19:48:43 DEBUG o.s.t.c.cache - Spring test ApplicationContext cache statistics: [DefaultContextCache@63f9c2cd size = 1, maxSize = 32, contextUsageCount = 1, parentContextCount = 0, hitCount = 17, missCount = 1, failureCount = 0]
2026-07-11 19:48:43 DEBUG o.s.t.c.cache - Spring test ApplicationContext cache statistics: [DefaultContextCache@63f9c2cd size = 1, maxSize = 32, contextUsageCount = 1, parentContextCount = 0, hitCount = 18, missCount = 1, failureCount = 0]
2026-07-11 19:48:43 DEBUG o.s.t.c.cache - Spring test ApplicationContext cache statistics: [DefaultContextCache@63f9c2cd size = 1, maxSize = 32, contextUsageCount = 1, parentContextCount = 0, hitCount = 19, missCount = 1, failureCount = 0]
2026-07-11 19:48:43 DEBUG o.s.t.c.cache - Spring test ApplicationContext cache statistics: [DefaultContextCache@63f9c2cd size = 1, maxSize = 32, contextUsageCount = 1, parentContextCount = 0, hitCount = 20, missCount = 1, failureCount = 0]
2026-07-11 19:48:43 DEBUG o.s.t.c.cache - Spring test ApplicationContext cache statistics: [DefaultContextCache@63f9c2cd size = 1, maxSize = 32, contextUsageCount = 1, parentContextCount = 0, hitCount = 21, missCount = 1, failureCount = 0]
2026-07-11 19:48:43 DEBUG o.s.t.c.s.DirtiesContextTestExecutionListener - After test method: class [ActuatorApplicationTests], method [getEmployeeByIdTest], class annotated with @DirtiesContext [false] with mode [null], method annotated with @DirtiesContext [false] with mode [null]
2026-07-11 19:48:43 DEBUG o.s.t.c.w.ServletTestExecutionListener - Resetting RequestContextHolder for test class com.spring.Actuator.ActuatorApplicationTests
2026-07-11 19:48:43 DEBUG o.s.t.c.cache - Spring test ApplicationContext cache statistics: [DefaultContextCache@63f9c2cd size = 1, maxSize = 32, contextUsageCount = 1, parentContextCount = 0, hitCount = 22, missCount = 1, failureCount = 0]
2026-07-11 19:48:43 DEBUG o.s.t.c.w.ServletTestExecutionListener - Setting up MockHttpServletRequest, MockHttpServletResponse, ServletWebRequest, and RequestContextHolder for test class com.spring.Actuator.ActuatorApplicationTests
2026-07-11 19:48:43 DEBUG o.s.t.c.s.DependencyInjectionTestExecutionListener - Performing dependency injection for test class com.spring.Actuator.ActuatorApplicationTests
2026-07-11 19:48:43 DEBUG o.s.t.c.cache - Spring test ApplicationContext cache statistics: [DefaultContextCache@63f9c2cd size = 1, maxSize = 32, contextUsageCount = 1, parentContextCount = 0, hitCount = 23, missCount = 1, failureCount = 0]
2026-07-11 19:48:43 DEBUG o.s.t.c.cache - Spring test ApplicationContext cache statistics: [DefaultContextCache@63f9c2cd size = 1, maxSize = 32, contextUsageCount = 1, parentContextCount = 0, hitCount = 24, missCount = 1, failureCount = 0]
2026-07-11 19:48:43 DEBUG o.s.t.c.s.DirtiesContextBeforeModesTestExecutionListener - Before test method: class [ActuatorApplicationTests], method [getAllEmployeesTest], class annotated with @DirtiesContext [false] with mode [null], method annotated with @DirtiesContext [false] with mode [null]
2026-07-11 19:48:43 DEBUG o.s.t.c.cache - Spring test ApplicationContext cache statistics: [DefaultContextCache@63f9c2cd size = 1, maxSize = 32, contextUsageCount = 1, parentContextCount = 0, hitCount = 25, missCount = 1, failureCount = 0]
2026-07-11 19:48:43 DEBUG o.s.t.c.cache - Spring test ApplicationContext cache statistics: [DefaultContextCache@63f9c2cd size = 1, maxSize = 32, contextUsageCount = 1, parentContextCount = 0, hitCount = 26, missCount = 1, failureCount = 0]
2026-07-11 19:48:43 DEBUG o.s.t.c.cache - Spring test ApplicationContext cache statistics: [DefaultContextCache@63f9c2cd size = 1, maxSize = 32, contextUsageCount = 1, parentContextCount = 0, hitCount = 27, missCount = 1, failureCount = 0]
2026-07-11 19:48:43 TRACE c.s.A.c.I.EmployeeRestClientImpl - Trying To Retrieve All Employees
2026-07-11 19:48:43 DEBUG o.s.t.c.cache - Spring test ApplicationContext cache statistics: [DefaultContextCache@63f9c2cd size = 1, maxSize = 32, contextUsageCount = 1, parentContextCount = 0, hitCount = 28, missCount = 1, failureCount = 0]
2026-07-11 19:48:43 DEBUG o.s.t.c.cache - Spring test ApplicationContext cache statistics: [DefaultContextCache@63f9c2cd size = 1, maxSize = 32, contextUsageCount = 1, parentContextCount = 0, hitCount = 29, missCount = 1, failureCount = 0]
2026-07-11 19:48:43 DEBUG o.s.t.c.cache - Spring test ApplicationContext cache statistics: [DefaultContextCache@63f9c2cd size = 1, maxSize = 32, contextUsageCount = 1, parentContextCount = 0, hitCount = 30, missCount = 1, failureCount = 0]
2026-07-11 19:48:43 DEBUG o.s.t.c.cache - Spring test ApplicationContext cache statistics: [DefaultContextCache@63f9c2cd size = 1, maxSize = 32, contextUsageCount = 1, parentContextCount = 0, hitCount = 31, missCount = 1, failureCount = 0]
2026-07-11 19:48:43 DEBUG o.s.t.c.cache - Spring test ApplicationContext cache statistics: [DefaultContextCache@63f9c2cd size = 1, maxSize = 32, contextUsageCount = 1, parentContextCount = 0, hitCount = 32, missCount = 1, failureCount = 0]
2026-07-11 19:48:43 DEBUG o.s.t.c.s.DirtiesContextTestExecutionListener - After test method: class [ActuatorApplicationTests], method [getAllEmployeesTest], class annotated with @DirtiesContext [false] with mode [null], method annotated with @DirtiesContext [false] with mode [null]
2026-07-11 19:48:43 DEBUG o.s.t.c.w.ServletTestExecutionListener - Resetting RequestContextHolder for test class com.spring.Actuator.ActuatorApplicationTests
2026-07-11 19:48:43 DEBUG o.s.t.c.cache - Spring test ApplicationContext cache statistics: [DefaultContextCache@63f9c2cd size = 1, maxSize = 32, contextUsageCount = 1, parentContextCount = 0, hitCount = 33, missCount = 1, failureCount = 0]
2026-07-11 19:48:43 DEBUG o.s.t.c.cache - Spring test ApplicationContext cache statistics: [DefaultContextCache@63f9c2cd size = 1, maxSize = 32, contextUsageCount = 1, parentContextCount = 0, hitCount = 34, missCount = 1, failureCount = 0]
2026-07-11 19:48:43 DEBUG o.s.t.c.s.DirtiesContextTestExecutionListener - After test class: class [ActuatorApplicationTests], class annotated with @DirtiesContext [false] with mode [null]
2026-07-11 19:48:43 DEBUG o.s.w.c.s.GenericWebApplicationContext - Closing org.springframework.web.context.support.GenericWebApplicationContext@65b66b08, started on Sat Jul 11 19:48:33 IST 2026
2026-07-11 19:48:43 DEBUG o.s.c.s.DefaultLifecycleProcessor - Stopping beans in phase 1073741823
2026-07-11 19:48:43 DEBUG o.s.c.s.DefaultLifecycleProcessor - Bean 'applicationTaskExecutor' completed its stop procedure
2026-07-11 19:48:43 DEBUG o.s.c.s.DefaultLifecycleProcessor - Stopping beans in phase -2147483647
2026-07-11 19:48:43 DEBUG o.s.c.s.DefaultLifecycleProcessor - Bean 'springBootLoggingLifecycle' completed its stop procedure
2026-07-11 19:48:43 DEBUG o.s.b.f.s.DisposableBeanAdapter - Custom destroy method 'close' on bean with name 'simpleMeterRegistry' completed
2026-07-11 19:48:43 INFO  o.s.o.j.LocalContainerEntityManagerFactoryBean - Closing JPA EntityManagerFactory for persistence unit 'default'
2026-07-11 19:48:43 DEBUG o.h.o.factory - HHH90020005: Closing factory [b16164eb-9211-4991-9eec-fdc6b662fac0]
2026-07-11 19:48:43 INFO  c.z.h.HikariDataSource - HikariPool-1 - Shutdown initiated...
2026-07-11 19:48:43 DEBUG c.z.h.p.HikariPool - HikariPool-1 - Before shutdown stats (total=10/10, idle=10/10, active=0, waiting=0)
2026-07-11 19:48:43 DEBUG c.z.h.p.PoolBase - HikariPool-1 - Closing connection com.mysql.cj.jdbc.ConnectionImpl@1e288c76: (connection evicted)
2026-07-11 19:48:43 DEBUG c.z.h.p.PoolBase - HikariPool-1 - Closing connection com.mysql.cj.jdbc.ConnectionImpl@7aeb5466: (connection evicted)
2026-07-11 19:48:43 DEBUG c.z.h.p.PoolBase - HikariPool-1 - Closing connection com.mysql.cj.jdbc.ConnectionImpl@2acf7d88: (connection evicted)
2026-07-11 19:48:43 DEBUG c.z.h.p.PoolBase - HikariPool-1 - Closing connection com.mysql.cj.jdbc.ConnectionImpl@52d439a3: (connection evicted)
2026-07-11 19:48:43 DEBUG c.z.h.p.PoolBase - HikariPool-1 - Closing connection com.mysql.cj.jdbc.ConnectionImpl@a0bb4d8: (connection evicted)
2026-07-11 19:48:43 DEBUG c.z.h.p.PoolBase - HikariPool-1 - Closing connection com.mysql.cj.jdbc.ConnectionImpl@49d05753: (connection evicted)
2026-07-11 19:48:43 DEBUG c.z.h.p.PoolBase - HikariPool-1 - Closing connection com.mysql.cj.jdbc.ConnectionImpl@8cd5c10: (connection evicted)
2026-07-11 19:48:43 DEBUG c.z.h.p.PoolBase - HikariPool-1 - Closing connection com.mysql.cj.jdbc.ConnectionImpl@2afbc2e0: (connection evicted)
2026-07-11 19:48:43 DEBUG c.z.h.p.PoolBase - HikariPool-1 - Closing connection com.mysql.cj.jdbc.ConnectionImpl@2b92b4cc: (connection evicted)
2026-07-11 19:48:43 DEBUG c.z.h.p.PoolBase - HikariPool-1 - Closing connection com.mysql.cj.jdbc.ConnectionImpl@6db85f3c: (connection evicted)
2026-07-11 19:48:43 DEBUG c.z.h.p.HikariPool - HikariPool-1 - After  shutdown stats (total=0/10, idle=0/10, active=0, waiting=0)
2026-07-11 19:48:43 INFO  c.z.h.HikariDataSource - HikariPool-1 - Shutdown completed.
2026-07-11 19:48:43 DEBUG o.s.s.c.ThreadPoolTaskExecutor - Shutting down ExecutorService 'applicationTaskExecutor'
